ISBN,title,author,year,publisher,imageurl
399135782,The Kitchen God's Wife,Amy Tan,1991,Putnam Pub Group,http://images.amazon.com/images/P/0399135782.01.LZZZZZZZ.jpg
440234743,The Testament,John Grisham,1999,Dell,http://images.amazon.com/images/P/0440234743.01.LZZZZZZZ.jpg
452264464,Beloved (Plume Contemporary Fiction),Toni Morrison,1994,Plume,http://images.amazon.com/images/P/0452264464.01.LZZZZZZZ.jpg
971880107,Wild Animus,Rich Shapero,2004,Too Far,http://images.amazon.com/images/P/0971880107.01.LZZZZZZZ.jpg
345402871,Airframe,Michael Crichton,1997,Ballantine Books,http://images.amazon.com/images/P/0345402871.01.LZZZZZZZ.jpg
345417623,Timeline,MICHAEL CRICHTON,2000,Ballantine Books,http://images.amazon.com/images/P/0345417623.01.LZZZZZZZ.jpg
446310786,To Kill a Mockingbird,Harper Lee,1988,Little Brown &amp; Company,http://images.amazon.com/images/P/0446310786.01.LZZZZZZZ.jpg
449005615,Seabiscuit: An American Legend,LAURA HILLENBRAND,2002,Ballantine Books,http://images.amazon.com/images/P/0449005615.01.LZZZZZZZ.jpg
60168013,Pigs in Heaven,Barbara Kingsolver,1993,Harpercollins,http://images.amazon.com/images/P/0060168013.01.LZZZZZZZ.jpg
055321215X,Pride and Prejudice,Jane Austen,1983,Bantam,http://images.amazon.com/images/P/055321215X.01.LZZZZZZZ.jpg
553582909,Icebound,Dean R. Koontz,2000,Bantam Books,http://images.amazon.com/images/P/0553582909.01.LZZZZZZZ.jpg
671888587,I'll Be Seeing You,Mary Higgins Clark,1994,Pocket,http://images.amazon.com/images/P/0671888587.01.LZZZZZZZ.jpg
553582747,From the Corner of His Eye,Dean Koontz,2001,Bantam Books,http://images.amazon.com/images/P/0553582747.01.LZZZZZZZ.jpg
425182908,Isle of Dogs,Patricia Cornwell,2002,Berkley Publishing Group,http://images.amazon.com/images/P/0425182908.01.LZZZZZZZ.jpg
042518630X,Purity in Death,J.D. Robb,2002,Berkley Publishing Group,http://images.amazon.com/images/P/042518630X.01.LZZZZZZZ.jpg
440225701,The Street Lawyer,JOHN GRISHAM,1999,Dell,http://images.amazon.com/images/P/0440225701.01.LZZZZZZZ.jpg
042511774X,Breathing Lessons,Anne Tyler,1994,Berkley Publishing Group,http://images.amazon.com/images/P/042511774X.01.LZZZZZZZ.jpg
804106304,The Joy Luck Club,Amy Tan,1994,Prentice Hall (K-12),http://images.amazon.com/images/P/0804106304.01.LZZZZZZZ.jpg
140067477,The Tao of Pooh,Benjamin Hoff,1983,Penguin Books,http://images.amazon.com/images/P/0140067477.01.LZZZZZZZ.jpg
345465083,Seabiscuit,LAURA HILLENBRAND,2003,Ballantine Books,http://images.amazon.com/images/P/0345465083.01.LZZZZZZZ.jpg
316769487,The Catcher in the Rye,J.D. Salinger,1991,"Little, Brown",http://images.amazon.com/images/P/0316769487.01.LZZZZZZZ.jpg
679429220,Midnight in the Garden of Good and Evil: A Savannah Story,John Berendt,1994,Random House,http://images.amazon.com/images/P/0679429220.01.LZZZZZZZ.jpg
671867156,Pretend You Don't See Her,Mary Higgins Clark,1998,Pocket,http://images.amazon.com/images/P/0671867156.01.LZZZZZZZ.jpg
312252617,Fast Women,Jennifer Crusie,2001,St. Martin's Press,http://images.amazon.com/images/P/0312252617.01.LZZZZZZZ.jpg
451166892,The Pillars of the Earth,Ken Follett,1996,Signet Book,http://images.amazon.com/images/P/0451166892.01.LZZZZZZZ.jpg
786868716,The Five People You Meet in Heaven,Mitch Albom,2003,Hyperion,http://images.amazon.com/images/P/0786868716.01.LZZZZZZZ.jpg
446608653,The Alibi,Sandra Brown,2000,Warner Books,http://images.amazon.com/images/P/0446608653.01.LZZZZZZZ.jpg
446612545,The Beach House,James Patterson,2003,Warner Books,http://images.amazon.com/images/P/0446612545.01.LZZZZZZZ.jpg
671027360,Angels &amp; Demons,Dan Brown,2001,Pocket Star,http://images.amazon.com/images/P/0671027360.01.LZZZZZZZ.jpg
671042858,The Girl Who Loved Tom Gordon,Stephen King,2000,Pocket,http://images.amazon.com/images/P/0671042858.01.LZZZZZZZ.jpg
60976845,Little Altars Everywhere: A Novel,Rebecca Wells,1996,Perennial,http://images.amazon.com/images/P/0060976845.01.LZZZZZZZ.jpg
671004573,Before I Say Good-Bye,Mary Higgins Clark,2001,Pocket,http://images.amazon.com/images/P/0671004573.01.LZZZZZZZ.jpg
446601640,Slow Waltz in Cedar Bend,Robert James Waller,1994,Warner Books,http://images.amazon.com/images/P/0446601640.01.LZZZZZZZ.jpg
038572179X,Atonement : A Novel,IAN MCEWAN,2003,Anchor,http://images.amazon.com/images/P/038572179X.01.LZZZZZZZ.jpg
380778556,Rebecca,Daphne Du Maurier,1994,Avon,http://images.amazon.com/images/P/0380778556.01.LZZZZZZZ.jpg
505524996,Contact,Susan Grant,2002,Love Spell,http://images.amazon.com/images/P/0505524996.01.LZZZZZZZ.jpg
446527165,Wish You Well,David Baldacci,2000,Warner Books,http://images.amazon.com/images/P/0446527165.01.LZZZZZZZ.jpg
671461494,The Hitchhiker's Guide to the Galaxy,Douglas Adams,1982,Pocket,http://images.amazon.com/images/P/0671461494.01.LZZZZZZZ.jpg
330332775,Bridget Jones's Diary,Helen Fielding,1997,Picador (UK),http://images.amazon.com/images/P/0330332775.01.LZZZZZZZ.jpg
3257208626,Fahrenheit 451,Ray Bradbury,1994,Distribooks Inc,http://images.amazon.com/images/P/3257208626.01.LZZZZZZZ.jpg
60977493,The God of Small Things,Arundhati Roy,1998,Perennial,http://images.amazon.com/images/P/0060977493.01.LZZZZZZZ.jpg
316693006,Four Blind Mice,James Patterson,2002,"Little, Brown",http://images.amazon.com/images/P/0316693006.01.LZZZZZZZ.jpg
345378490,Congo,Michael Crichton,1995,Ballantine Books,http://images.amazon.com/images/P/0345378490.01.LZZZZZZZ.jpg
375705856,Plainsong (Vintage Contemporaries),KENT HARUF,2000,Vintage,http://images.amazon.com/images/P/0375705856.01.LZZZZZZZ.jpg
380717018,Body of Evidence (Kay Scarpetta Mysteries (Paperback)),Patricia D. Cornwell,1992,Avon,http://images.amazon.com/images/P/0380717018.01.LZZZZZZZ.jpg
380718332,All That Remains (Kay Scarpetta Mysteries (Paperback)),Patricia D. Cornwell,1993,Avon,http://images.amazon.com/images/P/0380718332.01.LZZZZZZZ.jpg
385497466,The Brethren,JOHN GRISHAM,2000,Doubleday,http://images.amazon.com/images/P/0385497466.01.LZZZZZZZ.jpg
385508042,The King of Torts,John Grisham,2003,Doubleday Books,http://images.amazon.com/images/P/0385508042.01.LZZZZZZZ.jpg
385511612,Bleachers,John Grisham,2003,Doubleday,http://images.amazon.com/images/P/0385511612.01.LZZZZZZZ.jpg
385730586,Sisterhood of the Traveling Pants,ANN BRASHARES,2003,Delacorte Books for Young Readers,http://images.amazon.com/images/P/0385730586.01.LZZZZZZZ.jpg
446605484,Roses Are Red (Alex Cross Novels),James Patterson,2001,Warner Vision,http://images.amazon.com/images/P/0446605484.01.LZZZZZZZ.jpg
446610399,The Rescue,Nicholas Sparks,2001,Warner Books,http://images.amazon.com/images/P/0446610399.01.LZZZZZZZ.jpg
451162072,Pet Sematary,Stephen King,1994,Signet Book,http://images.amazon.com/images/P/0451162072.01.LZZZZZZZ.jpg
452282152,Girl with a Pearl Earring,Tracy Chevalier,2001,Plume Books,http://images.amazon.com/images/P/0452282152.01.LZZZZZZZ.jpg
671027387,Deception Point,Dan Brown,2002,Pocket,http://images.amazon.com/images/P/0671027387.01.LZZZZZZZ.jpg
684848783,Tis : A Memoir,Frank McCourt,1999,Scribner,http://images.amazon.com/images/P/0684848783.01.LZZZZZZZ.jpg
155874262X,Chicken Soup for the Soul (Chicken Soup for the Soul),Jack Canfield,1993,Health Communications,http://images.amazon.com/images/P/155874262X.01.LZZZZZZZ.jpg
60987103,Wicked: The Life and Times of the Wicked Witch of the West,Gregory Maguire,1996,Regan Books,http://images.amazon.com/images/P/0060987103.01.LZZZZZZZ.jpg
151008116,Life of Pi,Yann Martel,2002,Harcourt,http://images.amazon.com/images/P/0151008116.01.LZZZZZZZ.jpg
804111359,Secret History,DONNA TARTT,1993,Ballantine Books,http://images.amazon.com/images/P/0804111359.01.LZZZZZZZ.jpg
1558744150,Chicken Soup for the Woman's Soul (Chicken Soup for the Soul Series (Paper)),Jack Canfield,1996,Health Communications,http://images.amazon.com/images/P/1558744150.01.LZZZZZZZ.jpg
375823352,"The Amber Spyglass (His Dark Materials, Book 3)",PHILIP PULLMAN,2002,Knopf Books for Young Readers,http://images.amazon.com/images/P/0375823352.01.LZZZZZZZ.jpg
037582345X,"The Golden Compass (His Dark Materials, Book 1)",PHILIP PULLMAN,2002,Knopf Books for Young Readers,http://images.amazon.com/images/P/037582345X.01.LZZZZZZZ.jpg
375823468,"The Subtle Knife (His Dark Materials, Book 2)",PHILIP PULLMAN,2002,Knopf Books for Young Readers,http://images.amazon.com/images/P/0375823468.01.LZZZZZZZ.jpg
451526341,Animal Farm,George Orwell,2004,Signet,http://images.amazon.com/images/P/0451526341.01.LZZZZZZZ.jpg
374270325,A Man in Full,Tom Wolfe,1998,Farrar Straus &amp; Giroux,http://images.amazon.com/images/P/0374270325.01.LZZZZZZZ.jpg
044023722X,A Painted House,John Grisham,2001,Dell Publishing Company,http://images.amazon.com/images/P/044023722X.01.LZZZZZZZ.jpg
60977477,The Perfect Storm : A True Story of Men Against the Sea,Sebastian Junger,1999,Perennial,http://images.amazon.com/images/P/0060977477.01.LZZZZZZZ.jpg
380730138,Vinegar Hill (Oprah's Book Club (Paperback)),A. Manette Ansay,1998,Perennial,http://images.amazon.com/images/P/0380730138.01.LZZZZZZZ.jpg
425120279,The Hunt for Red October,Tom Clancy,1990,Berkley Publishing Group,http://images.amazon.com/images/P/0425120279.01.LZZZZZZZ.jpg
142001740,The Secret Life of Bees,Sue Monk Kidd,2003,Penguin Books,http://images.amazon.com/images/P/0142001740.01.LZZZZZZZ.jpg
312995423,Digital Fortress : A Thriller,Dan Brown,2003,St. Martin's Press,http://images.amazon.com/images/P/0312995423.01.LZZZZZZZ.jpg
385416342,The Firm,John Grisham,1991,Doubleday Books,http://images.amazon.com/images/P/0385416342.01.LZZZZZZZ.jpg
038542471X,The Client,John Grisham,1993,Doubleday Books,http://images.amazon.com/images/P/038542471X.01.LZZZZZZZ.jpg
515128554,Heart of the Sea (Irish Trilogy),Nora Roberts,2000,Jove Books,http://images.amazon.com/images/P/0515128554.01.LZZZZZZZ.jpg
156528207,The Little Prince,Antoine de Saint-ExupÃ©ry,1968,Harcourt,http://images.amazon.com/images/P/0156528207.01.LZZZZZZZ.jpg
671867113,Moonlight Becomes You,Mary Higgins Clark,1997,Pocket,http://images.amazon.com/images/P/0671867113.01.LZZZZZZZ.jpg
316666343,The Lovely Bones: A Novel,Alice Sebold,2002,"Little, Brown",http://images.amazon.com/images/P/0316666343.01.LZZZZZZZ.jpg
440224675,Hannibal,Thomas Harris,2000,Dell Publishing Company,http://images.amazon.com/images/P/0440224675.01.LZZZZZZZ.jpg
553569058,The Robber Bride,Margaret Atwood,1995,Bantam,http://images.amazon.com/images/P/0553569058.01.LZZZZZZZ.jpg
345424719,A Widow for One Year,JOHN IRVING,1999,Ballantine Books,http://images.amazon.com/images/P/0345424719.01.LZZZZZZZ.jpg
375726403,Empire Falls,Richard Russo,2002,Vintage Books USA,http://images.amazon.com/images/P/0375726403.01.LZZZZZZZ.jpg
385503857,Oryx and Crake,Margaret Atwood,2003,Nan A. Talese,http://images.amazon.com/images/P/0385503857.01.LZZZZZZZ.jpg
440226104,Black and Blue,ANNA QUINDLEN,1999,Dell,http://images.amazon.com/images/P/0440226104.01.LZZZZZZZ.jpg
671021001,She's Come Undone (Oprah's Book Club),Wally Lamb,1998,Pocket,http://images.amazon.com/images/P/0671021001.01.LZZZZZZZ.jpg
805063897,Nickel and Dimed: On (Not) Getting By in America,Barbara Ehrenreich,2002,Owl Books,http://images.amazon.com/images/P/0805063897.01.LZZZZZZZ.jpg
671002481,The First Wives Club Movie Tie In,Olivia Goldsmith,1996,Pocket,http://images.amazon.com/images/P/0671002481.01.LZZZZZZZ.jpg
842329129,Left Behind: A Novel of the Earth's Last Days (Left Behind No. 1),Tim Lahaye,1996,Tyndale House Publishers,http://images.amazon.com/images/P/0842329129.01.LZZZZZZZ.jpg
743424425,The Shining,Stephen King,2001,Pocket,http://images.amazon.com/images/P/0743424425.01.LZZZZZZZ.jpg
786868015,The Diary of Ellen Rimbauer: My Life at Rose Red,Joyce Reardon,2001,Hyperion,http://images.amazon.com/images/P/0786868015.01.LZZZZZZZ.jpg
60915544,The Bean Trees,Barbara Kingsolver,1989,Perennial,http://images.amazon.com/images/P/0060915544.01.LZZZZZZZ.jpg
312195516,The Red Tent (Bestselling Backlist),Anita Diamant,1998,Picador USA,http://images.amazon.com/images/P/0312195516.01.LZZZZZZZ.jpg
312278586,The Nanny Diaries: A Novel,Emma McLaughlin,2002,St. Martin's Press,http://images.amazon.com/images/P/0312278586.01.LZZZZZZZ.jpg
380710218,Postmortem,Patricia Daniels Cornwell,1993,Harper Mass Market Paperbacks (Mm),http://images.amazon.com/images/P/0380710218.01.LZZZZZZZ.jpg
671673688,While My Pretty One Sleeps,Mary Higgins Clark,1990,Pocket,http://images.amazon.com/images/P/0671673688.01.LZZZZZZZ.jpg
385721420,Three Junes,JULIA GLASS,2003,Anchor,http://images.amazon.com/images/P/0385721420.01.LZZZZZZZ.jpg
451202341,Back Roads,Tawni O'Dell,2001,Signet Book,http://images.amazon.com/images/P/0451202341.01.LZZZZZZZ.jpg
743418190,In Her Shoes : A Novel,Jennifer Weiner,2002,Atria Books,http://images.amazon.com/images/P/0743418190.01.LZZZZZZZ.jpg
385335407,The Kiss,Danielle Steel,2001,Delacorte Press,http://images.amazon.com/images/P/0385335407.01.LZZZZZZZ.jpg
425181111,Strangers,Dean R. Koontz,2002,Berkley Publishing Group,http://images.amazon.com/images/P/0425181111.01.LZZZZZZZ.jpg
449907481,A Thousand Acres (Ballantine Reader's Circle),JANE SMILEY,1992,Ballantine Books,http://images.amazon.com/images/P/0449907481.01.LZZZZZZZ.jpg
515127833,River's End,Nora Roberts,2003,Jove Books,http://images.amazon.com/images/P/0515127833.01.LZZZZZZZ.jpg
385424728,The Chamber,John Grisham,1994,Doubleday Books,http://images.amazon.com/images/P/0385424728.01.LZZZZZZZ.jpg
385472951,The Partner,John Grisham,1997,Doubleday Books,http://images.amazon.com/images/P/0385472951.01.LZZZZZZZ.jpg
425182878,Chosen Prey,John Sandford,2004,Berkley Publishing Group,http://images.amazon.com/images/P/0425182878.01.LZZZZZZZ.jpg
553564528,Guilty as Sin,TAMI HOAG,1997,Bantam,http://images.amazon.com/images/P/0553564528.01.LZZZZZZZ.jpg
055356451X,Night Sins,TAMI HOAG,1995,Bantam,http://images.amazon.com/images/P/055356451X.01.LZZZZZZZ.jpg
042517736X,Abduction,Robin Cook,2000,Berkley Publishing Group,http://images.amazon.com/images/P/042517736X.01.LZZZZZZZ.jpg
345313860,"The Vampire Lestat (Vampire Chronicles, Book II)",ANNE RICE,1986,Ballantine Books,http://images.amazon.com/images/P/0345313860.01.LZZZZZZZ.jpg
345369947,The Mummy or Ramses the Damned,Anne Rice,1991,Ballantine Books,http://images.amazon.com/images/P/0345369947.01.LZZZZZZZ.jpg
385306032,Vanished,Danielle Steel,1993,Delacorte Press,http://images.amazon.com/images/P/0385306032.01.LZZZZZZZ.jpg
446394521,Daisy Fay and the Miracle Man,Fannie Flagg,1992,Warner Books,http://images.amazon.com/images/P/0446394521.01.LZZZZZZZ.jpg
068484267X,Angela's Ashes: A Memoir,Frank McCourt,1999,Scribner,http://images.amazon.com/images/P/068484267X.01.LZZZZZZZ.jpg
553578693,The Next Accident,LISA GARDNER,2002,Bantam,http://images.amazon.com/images/P/0553578693.01.LZZZZZZZ.jpg
60938455,Fast Food Nation: The Dark Side of the All-American Meal,Eric Schlosser,2002,Perennial,http://images.amazon.com/images/P/0060938455.01.LZZZZZZZ.jpg
440122090,Echoes,Maeve Binchy,1989,Dell,http://images.amazon.com/images/P/0440122090.01.LZZZZZZZ.jpg
61009059,One for the Money (Stephanie Plum Novels (Paperback)),Janet Evanovich,1995,HarperTorch,http://images.amazon.com/images/P/0061009059.01.LZZZZZZZ.jpg
446364193,Along Came a Spider (Alex Cross Novels),James Patterson,1993,Warner Books,http://images.amazon.com/images/P/0446364193.01.LZZZZZZZ.jpg
446672211,Where the Heart Is (Oprah's Book Club (Paperback)),Billie Letts,1998,Warner Books,http://images.amazon.com/images/P/0446672211.01.LZZZZZZZ.jpg
140293248,The Girls' Guide to Hunting and Fishing,Melissa Bank,2000,Penguin Books,http://images.amazon.com/images/P/0140293248.01.LZZZZZZZ.jpg
142000205,Icy Sparks,Gwyn Hyman Rubio,2001,Penguin Books,http://images.amazon.com/images/P/0142000205.01.LZZZZZZZ.jpg
385504209,The Da Vinci Code,Dan Brown,2003,Doubleday,http://images.amazon.com/images/P/0385504209.01.LZZZZZZZ.jpg
385500769,A Map of the World,Jane Hamilton,1999,Doubleday Books,http://images.amazon.com/images/P/0385500769.01.LZZZZZZZ.jpg
670892963,Bridget Jones : The Edge of Reason,Helen Fielding,2000,Viking Books,http://images.amazon.com/images/P/0670892963.01.LZZZZZZZ.jpg
425184129,Big Trouble,Dave Barry,2002,Berkley Publishing Group,http://images.amazon.com/images/P/0425184129.01.LZZZZZZZ.jpg
151001006,Snow Falling on Cedars,David Guterson,1994,Harcourt,http://images.amazon.com/images/P/0151001006.01.LZZZZZZZ.jpg
385505833,Skipping Christmas,JOHN GRISHAM,2001,Doubleday,http://images.amazon.com/images/P/0385505833.01.LZZZZZZZ.jpg
679442790,The Reader,Bernhard Schlink,1997,Random House,http://images.amazon.com/images/P/0679442790.01.LZZZZZZZ.jpg
743206045,Daddy's Little Girl,Mary Higgins Clark,2002,Simon &amp; Schuster,http://images.amazon.com/images/P/0743206045.01.LZZZZZZZ.jpg
743406176,If Only It Were True,Marc Levy,2000,Atria,http://images.amazon.com/images/P/0743406176.01.LZZZZZZZ.jpg
446523569,Message in a Bottle,Nicholas Sparks,1998,Warner Books,http://images.amazon.com/images/P/0446523569.01.LZZZZZZZ.jpg
446527793,The Guardian,Nicholas Sparks,2003,Warner Books,http://images.amazon.com/images/P/0446527793.01.LZZZZZZZ.jpg
446531332,Nights in Rodanthe,Nicholas Sparks,2002,Warner Books,http://images.amazon.com/images/P/0446531332.01.LZZZZZZZ.jpg
385420161,"Like Water for Chocolate: A Novel in Monthly Installments, With Recipes, Romances, and Home Remedies",Laura Esquivel,1992,Doubleday Books,http://images.amazon.com/images/P/0385420161.01.LZZZZZZZ.jpg
345339711,"The Two Towers (The Lord of the Rings, Part 2)",J.R.R. TOLKIEN,1986,Del Rey,http://images.amazon.com/images/P/0345339711.01.LZZZZZZZ.jpg
399147128,The Villa,Nora Roberts,2001,Putnam Publishing Group,http://images.amazon.com/images/P/0399147128.01.LZZZZZZZ.jpg
316969443,Suzanne's Diary for Nicholas,James Patterson,2001,"Little, Brown",http://images.amazon.com/images/P/0316969443.01.LZZZZZZZ.jpg
316693200,2nd Chance,James Patterson,2002,"Little, Brown",http://images.amazon.com/images/P/0316693200.01.LZZZZZZZ.jpg
64407667,"The Bad Beginning (A Series of Unfortunate Events, Book 1)",Lemony Snicket,1999,HarperCollins,http://images.amazon.com/images/P/0064407667.01.LZZZZZZZ.jpg
316776963,Me Talk Pretty One Day,David Sedaris,2001,Back Bay Books,http://images.amazon.com/images/P/0316776963.01.LZZZZZZZ.jpg
451181379,The Door to December,Dean R. Koontz,1994,Signet Book,http://images.amazon.com/images/P/0451181379.01.LZZZZZZZ.jpg
743211383,Dreamcatcher,Stephen King,2001,Scribner,http://images.amazon.com/images/P/0743211383.01.LZZZZZZZ.jpg
440218535,Smilla's Sense of Snow,Peter Hoeg,1997,Island,http://images.amazon.com/images/P/0440218535.01.LZZZZZZZ.jpg
440219078,The Giver (21st Century Reference),LOIS LOWRY,1994,Laure Leaf,http://images.amazon.com/images/P/0440219078.01.LZZZZZZZ.jpg
451155750,The Dead Zone,Stephen King,2004,Signet Book,http://images.amazon.com/images/P/0451155750.01.LZZZZZZZ.jpg
312853238,Ender's Game (Ender Wiggins Saga (Paperback)),Orson Scott Card,1992,Tor Books,http://images.amazon.com/images/P/0312853238.01.LZZZZZZZ.jpg
440211727,A Time to Kill,JOHN GRISHAM,1992,Dell,http://images.amazon.com/images/P/0440211727.01.LZZZZZZZ.jpg
038533334X,Charming Billy,Alice McDermott,1999,Delta,http://images.amazon.com/images/P/038533334X.01.LZZZZZZZ.jpg
345404777,No Safe Place,RICHARD NORTH PATTERSON,1999,Ballantine Books,http://images.amazon.com/images/P/0345404777.01.LZZZZZZZ.jpg
440224829,Granny Dan,DANIELLE STEEL,2000,"Random House, Inc.",http://images.amazon.com/images/P/0440224829.01.LZZZZZZZ.jpg
553212583,Wuthering Heights,EMILY BRONTE,1983,Bantam,http://images.amazon.com/images/P/0553212583.01.LZZZZZZZ.jpg
425166619,Toxin,Robin Cook,1999,Berkley Publishing Group,http://images.amazon.com/images/P/0425166619.01.LZZZZZZZ.jpg
553561618,Dark Paradise,TAMI HOAG,1994,Bantam,http://images.amazon.com/images/P/0553561618.01.LZZZZZZZ.jpg
312422156,Middlesex: A Novel,Jeffrey Eugenides,2003,Picador,http://images.amazon.com/images/P/0312422156.01.LZZZZZZZ.jpg
044022165X,The Rainmaker,JOHN GRISHAM,1996,Dell,http://images.amazon.com/images/P/044022165X.01.LZZZZZZZ.jpg
425124347,The Bad Place,Dean R. Koontz,1994,Berkley Publishing Group,http://images.amazon.com/images/P/0425124347.01.LZZZZZZZ.jpg
312282990,The Amazing Adventures of Kavalier &amp; Clay,Michael Chabon,2001,Picador,http://images.amazon.com/images/P/0312282990.01.LZZZZZZZ.jpg
394820371,The Phantom Tollbooth,Norton Juster,1993,Yearling Books,http://images.amazon.com/images/P/0394820371.01.LZZZZZZZ.jpg
449134482,Dances With Wolves,Michael Blake,1990,Fawcett Books,http://images.amazon.com/images/P/0449134482.01.LZZZZZZZ.jpg
345348036,The Princess Bride: S Morgenstern's Classic Tale of True Love and High Adventure,WILLIAM GOLDMAN,1987,Del Rey,http://images.amazon.com/images/P/0345348036.01.LZZZZZZZ.jpg
034538184X,Degree of Guilt,Richard North Patterson,1995,Ballantine Books,http://images.amazon.com/images/P/034538184X.01.LZZZZZZZ.jpg
671510053,SHIPPING NEWS,Annie Proulx,1994,Scribner,http://images.amazon.com/images/P/0671510053.01.LZZZZZZZ.jpg
385334036,The Smoke Jumper,Nicholas Evans,2001,Delacorte Press,http://images.amazon.com/images/P/0385334036.01.LZZZZZZZ.jpg
055321313X,Anne of Green Gables (Anne of Green Gables Novels (Paperback)),L.M. MONTGOMERY,1982,Bantam Classics,http://images.amazon.com/images/P/055321313X.01.LZZZZZZZ.jpg
743237188,Fall On Your Knees (Oprah #45),Ann-Marie MacDonald,2002,Touchstone,http://images.amazon.com/images/P/0743237188.01.LZZZZZZZ.jpg
553586122,Reap the Wind,Iris Johansen,2002,Bantam Books,http://images.amazon.com/images/P/0553586122.01.LZZZZZZZ.jpg
440216842,The Carousel,Belva Plain,1998,Dell,http://images.amazon.com/images/P/0440216842.01.LZZZZZZZ.jpg
345443284,While I Was Gone,Sue Miller,1999,Ballantine Books,http://images.amazon.com/images/P/0345443284.01.LZZZZZZZ.jpg
553273914,The House of the Spirits,Isabel Allende,1986,Bantam Books,http://images.amazon.com/images/P/0553273914.01.LZZZZZZZ.jpg
60928336,Divine Secrets of the Ya-Ya Sisterhood: A Novel,Rebecca Wells,1997,Perennial,http://images.amazon.com/images/P/0060928336.01.LZZZZZZZ.jpg
671003755,She's Come Undone (Oprah's Book Club (Paperback)),Wally Lamb,1996,Washington Square Press,http://images.amazon.com/images/P/0671003755.01.LZZZZZZZ.jpg
684844729,STONES FROM THE RIVER,Ursula Hegi,1997,Simon &amp; Schuster,http://images.amazon.com/images/P/0684844729.01.LZZZZZZZ.jpg
440215625,Dragonfly in Amber,DIANA GABALDON,1993,Dell,http://images.amazon.com/images/P/0440215625.01.LZZZZZZZ.jpg
316777730,Naked,David Sedaris,1998,Back Bay Books,http://images.amazon.com/images/P/0316777730.01.LZZZZZZZ.jpg
446601241,Kiss the Girls,James Patterson,1995,Warner Books,http://images.amazon.com/images/P/0446601241.01.LZZZZZZZ.jpg
451124340,Different Seasons,Stephen King,1983,Penguin Putnam~mass,http://images.amazon.com/images/P/0451124340.01.LZZZZZZZ.jpg
345384466,The Witching Hour (Lives of the Mayfair Witches),ANNE RICE,1993,Ballantine Books,http://images.amazon.com/images/P/0345384466.01.LZZZZZZZ.jpg
446604801,Jack &amp; Jill (Alex Cross Novels),James Patterson,1997,Warner Books,http://images.amazon.com/images/P/0446604801.01.LZZZZZZZ.jpg
345422392,Vittorio the Vampire: New Tales of the Vampires,Anne Rice,2001,Ballantine Books,http://images.amazon.com/images/P/0345422392.01.LZZZZZZZ.jpg
380789035,American Gods,Neil Gaiman,2002,HarperTorch,http://images.amazon.com/images/P/0380789035.01.LZZZZZZZ.jpg
440206154,Red Dragon,Thomas Harris,2000,Dell Publishing Company,http://images.amazon.com/images/P/0440206154.01.LZZZZZZZ.jpg
345370775,Jurassic Park,Michael Crichton,1999,Ballantine Books,http://images.amazon.com/images/P/0345370775.01.LZZZZZZZ.jpg
373484224,Stanislaski Brothers (Silhouette Promo),Nora Roberts,2000,Silhouette,http://images.amazon.com/images/P/0373484224.01.LZZZZZZZ.jpg
380789019,Neverwhere,Neil Gaiman,1998,Avon,http://images.amazon.com/images/P/0380789019.01.LZZZZZZZ.jpg
380018179,The Thorn Birds,Colleen McCullough,1978,Avon,http://images.amazon.com/images/P/0380018179.01.LZZZZZZZ.jpg
067101420X,"Forever... : A Novel of Good and Evil, Love and Hope",Jude Deveraux,2002,Pocket,http://images.amazon.com/images/P/067101420X.01.LZZZZZZZ.jpg
786866276,Mother of Pearl,Melinda Haynes,1999,Hyperion,http://images.amazon.com/images/P/0786866276.01.LZZZZZZZ.jpg
385720920,Choke,CHUCK PALAHNIUK,2002,Anchor,http://images.amazon.com/images/P/0385720920.01.LZZZZZZZ.jpg
380813815,"Lamb : The Gospel According to Biff, Christ's Childhood Pal",Christopher Moore,2003,Perennial,http://images.amazon.com/images/P/0380813815.01.LZZZZZZZ.jpg
140099832,Lake Wobegon Days,Garrison Keillor,1990,Penguin/Puffin Mass Market (Mm),http://images.amazon.com/images/P/0140099832.01.LZZZZZZZ.jpg
1573225789,The Color of Water: A Black Man's Tribute to His White Mother,James McBride,1997,Riverhead Books,http://images.amazon.com/images/P/1573225789.01.LZZZZZZZ.jpg
553296981,Anne Frank: The Diary of a Young Girl,ANNE FRANK,1993,Bantam,http://images.amazon.com/images/P/0553296981.01.LZZZZZZZ.jpg
385335881,Shopaholic Takes Manhattan (Summer Display Opportunity),Sophie Kinsella,2002,Delta,http://images.amazon.com/images/P/0385335881.01.LZZZZZZZ.jpg
385335482,Confessions of a Shopaholic (Summer Display Opportunity),SOPHIE KINSELLA,2001,Delta,http://images.amazon.com/images/P/0385335482.01.LZZZZZZZ.jpg
553258001,The Cider House Rules,John Irving,1986,Bantam Books,http://images.amazon.com/images/P/0553258001.01.LZZZZZZZ.jpg
373218400,Table For Two,Nora Roberts,2002,Silhouette,http://images.amazon.com/images/P/0373218400.01.LZZZZZZZ.jpg
441003257,Good Omens,Neil Gaiman,1996,Ace Books,http://images.amazon.com/images/P/0441003257.01.LZZZZZZZ.jpg
60930535,The Poisonwood Bible: A Novel,Barbara Kingsolver,1999,Perennial,http://images.amazon.com/images/P/0060930535.01.LZZZZZZZ.jpg
375702709,A Lesson Before Dying (Vintage Contemporaries (Paperback)),Ernest J. Gaines,1997,Vintage Books USA,http://images.amazon.com/images/P/0375702709.01.LZZZZZZZ.jpg
671038184,Jewel,Bret Lott,1999,Washington Square Press,http://images.amazon.com/images/P/0671038184.01.LZZZZZZZ.jpg
345361792,A Prayer for Owen Meany,John Irving,1990,Ballantine Books,http://images.amazon.com/images/P/0345361792.01.LZZZZZZZ.jpg
038531258X,Cold Sassy Tree,Olive Ann Burns,1986,Delta,http://images.amazon.com/images/P/038531258X.01.LZZZZZZZ.jpg
743225406,The Shipping News : A Novel,Annie Proulx,2001,Scribner,http://images.amazon.com/images/P/0743225406.01.LZZZZZZZ.jpg
1400034779,The No. 1 Ladies' Detective Agency (Today Show Book Club #8),Alexander McCall Smith,2003,Anchor,http://images.amazon.com/images/P/1400034779.01.LZZZZZZZ.jpg
037570504X,"Breath, Eyes, Memory",Edwidge Danticat,1998,Vintage Books USA,http://images.amazon.com/images/P/037570504X.01.LZZZZZZZ.jpg
140244824,Songs in Ordinary Time (Oprah's Book Club (Paperback)),Mary McGarry Morris,1996,Penguin Books,http://images.amazon.com/images/P/0140244824.01.LZZZZZZZ.jpg
385324057,Summer Sisters,Judy Blume,1998,Delacorte Press,http://images.amazon.com/images/P/0385324057.01.LZZZZZZZ.jpg
014025448X,At Home in Mitford (The Mitford Years),Jan Karon,1996,Viking Books,http://images.amazon.com/images/P/014025448X.01.LZZZZZZZ.jpg
60934417,Bel Canto: A Novel,Ann Patchett,2002,Perennial,http://images.amazon.com/images/P/0060934417.01.LZZZZZZZ.jpg
671793489,All Around the Town,Mary Higgins Clark,1993,Pocket Star,http://images.amazon.com/images/P/0671793489.01.LZZZZZZZ.jpg
679772677,A Civil Action,JONATHAN HARR,1996,Vintage,http://images.amazon.com/images/P/0679772677.01.LZZZZZZZ.jpg
312983824,Faking It,Jennifer Crusie,2003,St. Martin's Paperbacks,http://images.amazon.com/images/P/0312983824.01.LZZZZZZZ.jpg
440224624,The Loop,Nicholas Evans,1999,Dell Publishing Company,http://images.amazon.com/images/P/0440224624.01.LZZZZZZZ.jpg
743418174,Good in Bed,Jennifer Weiner,2002,Washington Square Press,http://images.amazon.com/images/P/0743418174.01.LZZZZZZZ.jpg
671004565,We'll Meet Again,Mary Higgins Clark,2000,Pocket,http://images.amazon.com/images/P/0671004565.01.LZZZZZZZ.jpg
345370805,How to Make an American Quilt,Whitney Otto,1992,Ballantine Books,http://images.amazon.com/images/P/0345370805.01.LZZZZZZZ.jpg
375703055,Ellen Foster,Kaye Gibbons,1997,Vintage Books,http://images.amazon.com/images/P/0375703055.01.LZZZZZZZ.jpg
312243022,The Hours : A Novel,Michael Cunningham,2000,Picador,http://images.amazon.com/images/P/0312243022.01.LZZZZZZZ.jpg
375700757,Cold Mountain : A Novel,CHARLES FRAZIER,1998,Vintage,http://images.amazon.com/images/P/0375700757.01.LZZZZZZZ.jpg
70212570,Fried Green Tomatoes at the Whistle Stop Cafe,Fannie Flagg,1989,McGraw-Hill,http://images.amazon.com/images/P/0070212570.01.LZZZZZZZ.jpg
316781266,The Last Time They Met : A Novel,Anita Shreve,2002,Back Bay Books,http://images.amazon.com/images/P/0316781266.01.LZZZZZZZ.jpg
671032658,The Green Mile,Stephen King,1999,Pocket,http://images.amazon.com/images/P/0671032658.01.LZZZZZZZ.jpg
375725784,A Heartbreaking Work of Staggering Genius,Dave Eggers,2001,Vintage Books USA,http://images.amazon.com/images/P/0375725784.01.LZZZZZZZ.jpg
345339703,"The Fellowship of the Ring (The Lord of the Rings, Part 1)",J.R.R. TOLKIEN,1986,Del Rey,http://images.amazon.com/images/P/0345339703.01.LZZZZZZZ.jpg
038039586X,Watership Down,Richard George Adams,1975,Harpercollins,http://images.amazon.com/images/P/038039586X.01.LZZZZZZZ.jpg
671042262,The Blue Nowhere : A Novel,Jeffery Deaver,2002,Pocket,http://images.amazon.com/images/P/0671042262.01.LZZZZZZZ.jpg
425157539,Sudden Prey,John Sandford,1997,Berkley Publishing Group,http://images.amazon.com/images/P/0425157539.01.LZZZZZZZ.jpg
679731148,A Year in Provence,Peter Mayle,1991,Vintage Books USA,http://images.amazon.com/images/P/0679731148.01.LZZZZZZZ.jpg
316693324,When the Wind Blows,James Patterson,1998,Replica Books,http://images.amazon.com/images/P/0316693324.01.LZZZZZZZ.jpg
031231616X,I Capture the Castle,Dodie Smith,2003,St. Martin's Griffin,http://images.amazon.com/images/P/031231616X.01.LZZZZZZZ.jpg
089480829X,What to Expect When You're Expecting (Revised Edition),Arlene Eisenberg,1996,Workman Pub Co,http://images.amazon.com/images/P/089480829X.01.LZZZZZZZ.jpg
62502174,The Alchemist: A Fable About Following Your Dream,Paulo Coelho,1993,HarperSanFrancisco,http://images.amazon.com/images/P/0062502174.01.LZZZZZZZ.jpg
688177751,Miss Julia Speaks Her Mind : A Novel,Ann B. Ross,2000,Perennial,http://images.amazon.com/images/P/0688177751.01.LZZZZZZZ.jpg
345438329,Big Stone Gap: A Novel (Ballantine Reader's Circle),Adriana Trigiani,2001,Ballantine Books,http://images.amazon.com/images/P/0345438329.01.LZZZZZZZ.jpg
399145087,Black Notice,Patricia Daniels Cornwell,1999,Putnam Pub Group,http://images.amazon.com/images/P/0399145087.01.LZZZZZZZ.jpg
312990456,One for the Money (A Stephanie Plum Novel),Janet Evanovich,2003,St. Martin's Paperbacks,http://images.amazon.com/images/P/0312990456.01.LZZZZZZZ.jpg
399501487,Lord of the Flies,William Gerald Golding,1959,Perigee Trade,http://images.amazon.com/images/P/0399501487.01.LZZZZZZZ.jpg
553572997,The Alienist,Caleb Carr,1995,Bantam Books,http://images.amazon.com/images/P/0553572997.01.LZZZZZZZ.jpg
380727501,Notes from a Small Island,Bill Bryson,1997,Perennial,http://images.amazon.com/images/P/0380727501.01.LZZZZZZZ.jpg
440208912,Harvest,BELVA PLAIN,1991,Dell,http://images.amazon.com/images/P/0440208912.01.LZZZZZZZ.jpg
373218192,Engaging The Enemy,Nora Roberts,2003,Silhouette,http://images.amazon.com/images/P/0373218192.01.LZZZZZZZ.jpg
385494785,Into Thin Air : A Personal Account of the Mt. Everest Disaster,JON KRAKAUER,1999,Anchor,http://images.amazon.com/images/P/0385494785.01.LZZZZZZZ.jpg
385486804,Into the Wild,Jon Krakauer,1997,Anchor,http://images.amazon.com/images/P/0385486804.01.LZZZZZZZ.jpg
425158616,Cause of Death,Patricia Daniels Cornwell,1997,Berkley Publishing Group,http://images.amazon.com/images/P/0425158616.01.LZZZZZZZ.jpg
60175400,The Poisonwood Bible,Barbara Kingsolver,1999,HarperCollins,http://images.amazon.com/images/P/0060175400.01.LZZZZZZZ.jpg
671537458,Waiting to Exhale,Terry McMillan,1995,Pocket,http://images.amazon.com/images/P/0671537458.01.LZZZZZZZ.jpg
425161242,Chromosome 6,Robin Cook,2000,Berkley Publishing Group,http://images.amazon.com/images/P/0425161242.01.LZZZZZZZ.jpg
425169863,Point of Origin,Patricia Daniels Cornwell,1999,Berkley Publishing Group,http://images.amazon.com/images/P/0425169863.01.LZZZZZZZ.jpg
345380371,Rising Sun,MICHAEL CRICHTON,1992,Ballantine Books,http://images.amazon.com/images/P/0345380371.01.LZZZZZZZ.jpg
316690619,Cradle and All,James Patterson,2000,Little Brown and Company,http://images.amazon.com/images/P/0316690619.01.LZZZZZZZ.jpg
446610038,1st to Die: A Novel,James Patterson,2002,Warner Vision,http://images.amazon.com/images/P/0446610038.01.LZZZZZZZ.jpg
679459626,Flesh and Blood,Jonathan Kellerman,2001,Random House,http://images.amazon.com/images/P/0679459626.01.LZZZZZZZ.jpg
743457358,Everything's Eventual : 14 Dark Tales,Stephen King,2002,Pocket,http://images.amazon.com/images/P/0743457358.01.LZZZZZZZ.jpg
425167313,Here on Earth,Alice Hoffman,1998,Berkley Publishing Group,http://images.amazon.com/images/P/0425167313.01.LZZZZZZZ.jpg
034540288X,The Lost World,Michael Crichton,1996,Ballantine Books,http://images.amazon.com/images/P/034540288X.01.LZZZZZZZ.jpg
446519960,Absolute Power,David Baldacci,1996,Warner Books,http://images.amazon.com/images/P/0446519960.01.LZZZZZZZ.jpg
316182540,White Oleander : A Novel,Janet Fitch,2001,"Little, Brown",http://images.amazon.com/images/P/0316182540.01.LZZZZZZZ.jpg
553282476,CAT'S EYE,MARGARET ATWOOD,1989,Bantam,http://images.amazon.com/images/P/0553282476.01.LZZZZZZZ.jpg
449212602,The Handmaid's Tale,Margaret Atwood,1989,Fawcett Books,http://images.amazon.com/images/P/0449212602.01.LZZZZZZZ.jpg
345413903,The Murder Book,Jonathan Kellerman,2003,Ballantine Books,http://images.amazon.com/images/P/0345413903.01.LZZZZZZZ.jpg
553582143,Body of Lies,IRIS JOHANSEN,2003,Bantam,http://images.amazon.com/images/P/0553582143.01.LZZZZZZZ.jpg
425115801,Lightning,Dean R. Koontz,1996,Berkley Publishing Group,http://images.amazon.com/images/P/0425115801.01.LZZZZZZZ.jpg
671024248,Hearts In Atlantis,Stephen King,2000,Pocket,http://images.amazon.com/images/P/0671024248.01.LZZZZZZZ.jpg
553582933,Winter Moon,Dean R. Koontz,2001,Bantam Books,http://images.amazon.com/images/P/0553582933.01.LZZZZZZZ.jpg
671034022,Mercy,Julie Garwood,2002,Pocket,http://images.amazon.com/images/P/0671034022.01.LZZZZZZZ.jpg
446607711,The Simple Truth,David Baldacci,1999,Warner Books,http://images.amazon.com/images/P/0446607711.01.LZZZZZZZ.jpg
446525804,Last Man Standing,David Baldacci,2001,Warner Books,http://images.amazon.com/images/P/0446525804.01.LZZZZZZZ.jpg
451524934,1984,George Orwell,1990,Signet Book,http://images.amazon.com/images/P/0451524934.01.LZZZZZZZ.jpg
345350499,The Mists of Avalon,MARION ZIMMER BRADLEY,1987,Del Rey,http://images.amazon.com/images/P/0345350499.01.LZZZZZZZ.jpg
312976275,Hot Six : A Stephanie Plum Novel (A Stephanie Plum Novel),Janet Evanovich,2001,St. Martin's Paperbacks,http://images.amazon.com/images/P/0312976275.01.LZZZZZZZ.jpg
767905180,Jemima J: A Novel About Ugly Ducklings and Swans,Jane Green,2001,Broadway Books,http://images.amazon.com/images/P/0767905180.01.LZZZZZZZ.jpg
743482891,Now You See Her,Linda Howard,2003,Pocket Books,http://images.amazon.com/images/P/0743482891.01.LZZZZZZZ.jpg
059035342X,Harry Potter and the Sorcerer's Stone (Harry Potter (Paperback)),J. K. Rowling,1999,Arthur A. Levine Books,http://images.amazon.com/images/P/059035342X.01.LZZZZZZZ.jpg
316089699,Sea Glass: A Novel,Anita Shreve,2003,Back Bay Books,http://images.amazon.com/images/P/0316089699.01.LZZZZZZZ.jpg
884092097,Kaleidoscope,June Stepansky,2000,A Different Voice Publishing Co.,http://images.amazon.com/images/P/0884092097.01.LZZZZZZZ.jpg
671708635,Seven Habits Of Highly Effective People,Stephen R. Covey,1990,Free Press,http://images.amazon.com/images/P/0671708635.01.LZZZZZZZ.jpg
345378482,The Andromeda Strain,MICHAEL CRICHTON,1992,Ballantine Books,http://images.amazon.com/images/P/0345378482.01.LZZZZZZZ.jpg
671758896,"Loves Music, Loves to Dance",Mary Higgins Clark,1992,Pocket,http://images.amazon.com/images/P/0671758896.01.LZZZZZZZ.jpg
451177096,Dolores Claiborne,Stephen King,2004,Signet Book,http://images.amazon.com/images/P/0451177096.01.LZZZZZZZ.jpg
425122123,Clear and Present Danger (Jack Ryan Novels),Tom Clancy,1996,Berkley Publishing Group,http://images.amazon.com/images/P/0425122123.01.LZZZZZZZ.jpg
385484518,"Tuesdays with Morrie: An Old Man, a Young Man, and Life's Greatest Lesson",MITCH ALBOM,1997,Doubleday,http://images.amazon.com/images/P/0385484518.01.LZZZZZZZ.jpg
440236703,Tell No One,Harlan Coben,2002,Dell Publishing Company,http://images.amazon.com/images/P/0440236703.01.LZZZZZZZ.jpg
425133540,The Sum of All Fears (Jack Ryan Novels),Tom Clancy,1996,Berkley Publishing Group,http://images.amazon.com/images/P/0425133540.01.LZZZZZZZ.jpg
671822209,WLD ACCORDNG GARP,John Irving,1979,Pocket,http://images.amazon.com/images/P/0671822209.01.LZZZZZZZ.jpg
446527289,The First Counsel,Brad Meltzer,2001,Warner Books,http://images.amazon.com/images/P/0446527289.01.LZZZZZZZ.jpg
380731851,Mystic River,Dennis Lehane,2002,HarperTorch,http://images.amazon.com/images/P/0380731851.01.LZZZZZZZ.jpg
316602051,The Jester,James Patterson,2003,"Little, Brown",http://images.amazon.com/images/P/0316602051.01.LZZZZZZZ.jpg
380796090,Watermelon,Marian Keyes,1999,Avon,http://images.amazon.com/images/P/0380796090.01.LZZZZZZZ.jpg
446604666,Sick Puppy,Carl Hiaasen,2001,Warner Vision,http://images.amazon.com/images/P/0446604666.01.LZZZZZZZ.jpg
553579754,Fear Nothing,DEAN KOONTZ,1998,Bantam,http://images.amazon.com/images/P/0553579754.01.LZZZZZZZ.jpg
449221482,J Is for Judgment,Sue Grafton,1999,Fawcett Books,http://images.amazon.com/images/P/0449221482.01.LZZZZZZZ.jpg
553279912,A Is for Alibi (Kinsey Millhone Mysteries (Paperback)),SUE GRAFTON,1987,Bantam,http://images.amazon.com/images/P/0553279912.01.LZZZZZZZ.jpg
345353145,Sphere,MICHAEL CRICHTON,1988,Ballantine Books,http://images.amazon.com/images/P/0345353145.01.LZZZZZZZ.jpg
440214041,The Pelican Brief,John Grisham,1993,Dell,http://images.amazon.com/images/P/0440214041.01.LZZZZZZZ.jpg
140298479,Bridget Jones: The Edge of Reason,Helen Fielding,2001,Penguin Books,http://images.amazon.com/images/P/0140298479.01.LZZZZZZZ.jpg
786889020,Don't Stand Too Close to a Naked Man,Tim Allen,1995,Hyperion,http://images.amazon.com/images/P/0786889020.01.LZZZZZZZ.jpg
345337662,Interview with the Vampire,Anne Rice,1993,Ballantine Books,http://images.amazon.com/images/P/0345337662.01.LZZZZZZZ.jpg
345351525,The Queen of the Damned (Vampire Chronicles (Paperback)),Anne Rice,1993,Ballantine Books,http://images.amazon.com/images/P/0345351525.01.LZZZZZZZ.jpg
449003787,"\O\"" Is for Outlaw""",SUE GRAFTON,2001,Ballantine Books,http://images.amazon.com/images/P/0449003787.01.LZZZZZZZ.jpg
385265700,The Book of Ruth (Oprah's Book Club (Paperback)),Jane Hamilton,1990,Anchor,http://images.amazon.com/images/P/0385265700.01.LZZZZZZZ.jpg
1573229326,How to Be Good,Nick Hornby,2002,Riverhead Books,http://images.amazon.com/images/P/1573229326.01.LZZZZZZZ.jpg
671617028,The Color Purple,Alice Walker,1985,Pocket Books,http://images.amazon.com/images/P/0671617028.01.LZZZZZZZ.jpg
440224772,Mirror Image,Danielle Steel,1999,Dell Publishing Company,http://images.amazon.com/images/P/0440224772.01.LZZZZZZZ.jpg
446605239,The Notebook,Nicholas Sparks,1998,Warner Books,http://images.amazon.com/images/P/0446605239.01.LZZZZZZZ.jpg
553295977,Carnal Innocence,Nora Roberts,1992,Bantam Books,http://images.amazon.com/images/P/0553295977.01.LZZZZZZZ.jpg
671004549,You Belong To Me,Mary Higgins Clark,1999,Pocket Books,http://images.amazon.com/images/P/0671004549.01.LZZZZZZZ.jpg
802139256,Peace Like a River,Leif Enger,2002,Grove Press,http://images.amazon.com/images/P/0802139256.01.LZZZZZZZ.jpg
055356160X,Cry Wolf,TAMI HOAG,1993,Bantam,http://images.amazon.com/images/P/055356160X.01.LZZZZZZZ.jpg
515120618,Montana Sky,Nora Roberts,2000,Jove Books,http://images.amazon.com/images/P/0515120618.01.LZZZZZZZ.jpg
515130389,Carolina Moon,Nora Roberts,2001,Jove Books,http://images.amazon.com/images/P/0515130389.01.LZZZZZZZ.jpg
515135062,Three Fates,Nora Roberts,2004,Jove Books,http://images.amazon.com/images/P/0515135062.01.LZZZZZZZ.jpg
743412028,Pay It Forward,Catherine Ryan Hyde,2000,Pocket,http://images.amazon.com/images/P/0743412028.01.LZZZZZZZ.jpg
452269571,Bastard Out of Carolina,Dorothy Allison,1993,Plume Books,http://images.amazon.com/images/P/0452269571.01.LZZZZZZZ.jpg
051513287X,Face the Fire (Three Sisters Island Trilogy),Nora Roberts,2002,Jove Books,http://images.amazon.com/images/P/051513287X.01.LZZZZZZZ.jpg
60392452,Stupid White Men ...and Other Sorry Excuses for the State of the Nation!,Michael Moore,2002,Regan Books,http://images.amazon.com/images/P/0060392452.01.LZZZZZZZ.jpg
590353403,Harry Potter and the Sorcerer's Stone (Book 1),J. K. Rowling,1998,Scholastic,http://images.amazon.com/images/P/0590353403.01.LZZZZZZZ.jpg
446532231,"Dude, Where's My Country?",Michael Moore,2003,Warner Books,http://images.amazon.com/images/P/0446532231.01.LZZZZZZZ.jpg
449702545,Homecoming,Cynthia Voigt,1990,Fawcett Books,http://images.amazon.com/images/P/0449702545.01.LZZZZZZZ.jpg
425101452,Phantoms,Dean R. Koontz,1996,Berkley Publishing Group,http://images.amazon.com/images/P/0425101452.01.LZZZZZZZ.jpg
684874350,ANGELA'S ASHES,Frank McCourt,1996,Scribner,http://images.amazon.com/images/P/0684874350.01.LZZZZZZZ.jpg
446611212,Violets Are Blue,James Patterson,2002,Warner Vision,http://images.amazon.com/images/P/0446611212.01.LZZZZZZZ.jpg
316168688,The Dogs of Babel (Today Show Book Club #12),Carolyn Parkhurst,2003,"Little, Brown",http://images.amazon.com/images/P/0316168688.01.LZZZZZZZ.jpg
425155943,Contagion,Robin Cook,1998,Berkley Publishing Group,http://images.amazon.com/images/P/0425155943.01.LZZZZZZZ.jpg
034538475X,The Tale of the Body Thief (Vampire Chronicles (Paperback)),Anne Rice,1993,Ballantine Books,http://images.amazon.com/images/P/034538475X.01.LZZZZZZZ.jpg
380718340,Cruel &amp; Unusual (Kay Scarpetta Mysteries (Paperback)),Patricia D. Cornwell,1994,Avon,http://images.amazon.com/images/P/0380718340.01.LZZZZZZZ.jpg
451153553,Misery,Stephen King,1988,New Amer Library,http://images.amazon.com/images/P/0451153553.01.LZZZZZZZ.jpg
142001805,The Eyre Affair: A Novel,Jasper Fforde,2003,Penguin Books,http://images.amazon.com/images/P/0142001805.01.LZZZZZZZ.jpg
425147622,The Body Farm,Patricia Daniels Cornwell,1995,Berkley Publishing Group,http://images.amazon.com/images/P/0425147622.01.LZZZZZZZ.jpg
451180410,Mortal Fear,Greg Iles,1998,Signet Book,http://images.amazon.com/images/P/0451180410.01.LZZZZZZZ.jpg
553582763,By the Light of the Moon,DEAN KOONTZ,2003,Bantam,http://images.amazon.com/images/P/0553582763.01.LZZZZZZZ.jpg
425188809,Watchers,Dean R. Koontz,2003,Berkley Publishing Group,http://images.amazon.com/images/P/0425188809.01.LZZZZZZZ.jpg
345384369,Intensity,DEAN KOONTZ,1996,Ballantine Books,http://images.amazon.com/images/P/0345384369.01.LZZZZZZZ.jpg
034539657X,Dark Rivers of the Heart,Dean R. Koontz,1995,Ballantine Books,http://images.amazon.com/images/P/034539657X.01.LZZZZZZZ.jpg
425144429,Mr. Murder,Dean R. Koontz,1996,Berkley Publishing Group,http://images.amazon.com/images/P/0425144429.01.LZZZZZZZ.jpg
312305060,The Hours: A Novel,Michael Cunningham,2002,Picador,http://images.amazon.com/images/P/0312305060.01.LZZZZZZZ.jpg
451204948,A Day Late and a Dollar Short,Terry McMillan,2002,Signet Book,http://images.amazon.com/images/P/0451204948.01.LZZZZZZZ.jpg
399144137,Rainbow Six,Tom Clancy,1998,Putnam Publishing Group,http://images.amazon.com/images/P/0399144137.01.LZZZZZZZ.jpg
399146431,The Bonesetter's Daughter,Amy Tan,2001,Putnam Publishing Group,http://images.amazon.com/images/P/0399146431.01.LZZZZZZZ.jpg
399141146,The Hundred Secret Senses,Amy Tan,1995,Putnam Pub Group,http://images.amazon.com/images/P/0399141146.01.LZZZZZZZ.jpg
375706771,Midwives: A Novel,Chris Bohjalian,1998,Vintage,http://images.amazon.com/images/P/0375706771.01.LZZZZZZZ.jpg
452260116,Song of Solomon (Oprah's Book Club (Paperback)),Toni Morrison,1987,Plume Books,http://images.amazon.com/images/P/0452260116.01.LZZZZZZZ.jpg
60987561,I Know This Much Is True,Wally Lamb,1999,Regan Books,http://images.amazon.com/images/P/0060987561.01.LZZZZZZZ.jpg
312265867,To the Nines: A Stephanie Plum Novel,Janet Evanovich,2003,St. Martin's Press,http://images.amazon.com/images/P/0312265867.01.LZZZZZZZ.jpg
446603309,The Witness,Sandra Brown,1996,Warner Books,http://images.amazon.com/images/P/0446603309.01.LZZZZZZZ.jpg
786881852,Don't Sweat the Small Stuff and It's All Small Stuff : Simple Ways to Keep the Little Things from Taking Over Your Life (Don't Sweat the Small Stuff Series),Richard Carlson,1997,Hyperion,http://images.amazon.com/images/P/0786881852.01.LZZZZZZZ.jpg
345413873,Monster : A Novel (Alex Delaware Novels (Paperback)),JONATHAN KELLERMAN,2000,Ballantine Books,http://images.amazon.com/images/P/0345413873.01.LZZZZZZZ.jpg
1559029838,Call of the Wild,Jack London,0,Selldowns/no More Orders,http://images.amazon.com/images/P/1559029838.01.LZZZZZZZ.jpg
679746048,"Girl, Interrupted",SUSANNA KAYSEN,1994,Vintage,http://images.amazon.com/images/P/0679746048.01.LZZZZZZZ.jpg
440216745,Whispers,BELVA PLAIN,1994,Dell,http://images.amazon.com/images/P/0440216745.01.LZZZZZZZ.jpg
312966970,Four To Score (A Stephanie Plum Novel),Janet Evanovich,1999,St. Martin's Paperbacks,http://images.amazon.com/images/P/0312966970.01.LZZZZZZZ.jpg
051512317X,Rising Tides,Nora Roberts,2001,Jove Books,http://images.amazon.com/images/P/051512317X.01.LZZZZZZZ.jpg
312971346,High Five (A Stephanie Plum Novel),Janet Evanovich,2000,St. Martin's Paperbacks,http://images.amazon.com/images/P/0312971346.01.LZZZZZZZ.jpg
60958022,Five Quarters of the Orange,Joanne Harris,2002,Perennial,http://images.amazon.com/images/P/0060958022.01.LZZZZZZZ.jpg
385474016,"Like Water for Chocolate: A Novel in Monthly Installments With Recipes, Romances and Home Remedies",Laura Esquivel,1994,Anchor Books/Doubleday,http://images.amazon.com/images/P/0385474016.01.LZZZZZZZ.jpg
1558743669,"A Child Called \It\"": One Child's Courage to Survive""",Dave Pelzer,1995,Health Communications,http://images.amazon.com/images/P/1558743669.01.LZZZZZZZ.jpg
553582135,Final Target,Iris Johansen,2002,Bantam Books,http://images.amazon.com/images/P/0553582135.01.LZZZZZZZ.jpg
842329218,Tribulation Force: The Continuing Drama of Those Left Behind (Left Behind No. 2),Tim LaHaye,1997,Tyndale House Publishers,http://images.amazon.com/images/P/0842329218.01.LZZZZZZZ.jpg
440221471,The Runaway Jury,JOHN GRISHAM,1997,Dell,http://images.amazon.com/images/P/0440221471.01.LZZZZZZZ.jpg
425143325,Without Remorse,Tom Clancy,2004,Berkley Publishing Group,http://images.amazon.com/images/P/0425143325.01.LZZZZZZZ.jpg
743411250,The Woman Next Door,Barbara Delinsky,2002,Pocket,http://images.amazon.com/images/P/0743411250.01.LZZZZZZZ.jpg
60502258,The Divine Secrets of the Ya-Ya Sisterhood: A Novel,Rebecca Wells,2002,HarperTorch,http://images.amazon.com/images/P/0060502258.01.LZZZZZZZ.jpg
345339681,The Hobbit : The Enchanting Prelude to The Lord of the Rings,J.R.R. TOLKIEN,1986,Del Rey,http://images.amazon.com/images/P/0345339681.01.LZZZZZZZ.jpg
044048474X,Tales of a Fourth Grade Nothing,JUDY BLUME,1976,Yearling,http://images.amazon.com/images/P/044048474X.01.LZZZZZZZ.jpg
055357230X,The Clinic (Alex Delaware Novels (Paperback)),Jonathan Kellerman,1999,Bantam Books,http://images.amazon.com/images/P/055357230X.01.LZZZZZZZ.jpg
399142282,Hornet's Nest,Patricia Daniels Cornwell,1997,Putnam Publishing Group,http://images.amazon.com/images/P/0399142282.01.LZZZZZZZ.jpg
671683993,The Temple of My Familiar,Alice Walker,1990,Pocket,http://images.amazon.com/images/P/0671683993.01.LZZZZZZZ.jpg
439064872,Harry Potter and the Chamber of Secrets (Book 2),J. K. Rowling,2000,Scholastic,http://images.amazon.com/images/P/0439064872.01.LZZZZZZZ.jpg
140119906,Love in the Time of Cholera (Penguin Great Books of the 20th Century),Gabriel Garcia Marquez,1994,Penguin Books,http://images.amazon.com/images/P/0140119906.01.LZZZZZZZ.jpg
450411435,It,Stephen King,0,Trafalgar Square,http://images.amazon.com/images/P/0450411435.01.LZZZZZZZ.jpg
553579606,Ashes to Ashes,TAMI HOAG,2000,Bantam,http://images.amazon.com/images/P/0553579606.01.LZZZZZZZ.jpg
670855030,Insomnia,Stephen King,1994,Viking Books,http://images.amazon.com/images/P/0670855030.01.LZZZZZZZ.jpg
440183057,Stillwatch,MARY HIGGINS CLARK,1986,Dell,http://images.amazon.com/images/P/0440183057.01.LZZZZZZZ.jpg
743200985,Tis: A Memoir,Frank McCourt,2000,Simon &amp; Schuster,http://images.amazon.com/images/P/0743200985.01.LZZZZZZZ.jpg
425118703,Midnight,Dean R. Koontz,1995,Berkley Publishing Group,http://images.amazon.com/images/P/0425118703.01.LZZZZZZZ.jpg
316639842,Unnatural Exposure,Cornwell Patricia,0,Little Brown Company,http://images.amazon.com/images/P/0316639842.01.LZZZZZZZ.jpg
151006725,Slammerkin,Emma Donoghue,2001,Harcourt,http://images.amazon.com/images/P/0151006725.01.LZZZZZZZ.jpg
553289411,The Plains of Passage (Earth's Children (Paperback)),JEAN M. AUEL,1991,Bantam,http://images.amazon.com/images/P/0553289411.01.LZZZZZZZ.jpg
1551666839,Dead Run,Erica Spindler,2003,Mira,http://images.amazon.com/images/P/1551666839.01.LZZZZZZZ.jpg
345447840,The Surgeon,TESS GERRITSEN,2002,Ballantine Books,http://images.amazon.com/images/P/0345447840.01.LZZZZZZZ.jpg
446359866,Presumed Innocent,Scott Turow,1989,Warner Books,http://images.amazon.com/images/P/0446359866.01.LZZZZZZZ.jpg
553213148,Anne of Avonlea (Anne of Green Gables Novels (Paperback)),L.M. MONTGOMERY,1984,Bantam Classics,http://images.amazon.com/images/P/0553213148.01.LZZZZZZZ.jpg
394580567,It Was on Fire When I Lay Down on It,Robert Fulghum,1989,Random House Inc,http://images.amazon.com/images/P/0394580567.01.LZZZZZZZ.jpg
446365505,Pleading Guilty,Scott Turow,1994,Warner Books,http://images.amazon.com/images/P/0446365505.01.LZZZZZZZ.jpg
002542730X,Politically Correct Bedtime Stories: Modern Tales for Our Life and Times,James Finn Garner,1994,John Wiley &amp; Sons Inc,http://images.amazon.com/images/P/002542730X.01.LZZZZZZZ.jpg
451203895,4 Blondes,Candace Bushnell,2002,Signet Book,http://images.amazon.com/images/P/0451203895.01.LZZZZZZZ.jpg
553272535,Night,Elie Wiesel,1982,Bantam Books,http://images.amazon.com/images/P/0553272535.01.LZZZZZZZ.jpg
812505018,The Secret Garden,Frances Hodgson Burnett,1989,Tor Books,http://images.amazon.com/images/P/0812505018.01.LZZZZZZZ.jpg
375504397,Black House,Stephen King,2001,Random House Trade,http://images.amazon.com/images/P/0375504397.01.LZZZZZZZ.jpg
452283205,Falling Angels,Tracy Chevalier,2002,Plume Books,http://images.amazon.com/images/P/0452283205.01.LZZZZZZZ.jpg
451139739,Christine,Stephen King,1983,New Amer Library,http://images.amazon.com/images/P/0451139739.01.LZZZZZZZ.jpg
553250531,The Valley of Horses,JEAN M. AUEL,1984,Bantam,http://images.amazon.com/images/P/0553250531.01.LZZZZZZZ.jpg
451188462,Desperation,Stephen King,1997,Signet Book,http://images.amazon.com/images/P/0451188462.01.LZZZZZZZ.jpg
439136350,Harry Potter and the Prisoner of Azkaban (Book 3),J. K. Rowling,1999,Scholastic,http://images.amazon.com/images/P/0439136350.01.LZZZZZZZ.jpg
64400557,Charlotte's Web (Trophy Newbery),E. B. White,1974,HarperTrophy,http://images.amazon.com/images/P/0064400557.01.LZZZZZZZ.jpg
679448594,Primary Colors: A Novel of Politics,Anonymous,1996,Random House Inc,http://images.amazon.com/images/P/0679448594.01.LZZZZZZZ.jpg
671867172,The Lottery Winner : Alvirah And Willy Stories,Mary Higgins Clark,1995,Pocket,http://images.amazon.com/images/P/0671867172.01.LZZZZZZZ.jpg
440221315,The Gift,DANIELLE STEEL,1996,Dell,http://images.amazon.com/images/P/0440221315.01.LZZZZZZZ.jpg
446527785,A Bend in the Road,Nicholas Sparks,2001,Warner Books,http://images.amazon.com/images/P/0446527785.01.LZZZZZZZ.jpg
185326041X,The Great Gatsby,F. Scott Fitzgerald,1999,Lb May &amp; Assoc Inc,http://images.amazon.com/images/P/185326041X.01.LZZZZZZZ.jpg
316096199,Lucky : A Memoir,Alice Sebold,2002,Back Bay Books,http://images.amazon.com/images/P/0316096199.01.LZZZZZZZ.jpg
440224845,Bittersweet,DANIELLE STEEL,2000,Dell,http://images.amazon.com/images/P/0440224845.01.LZZZZZZZ.jpg
440200989,Weep No More My Lady,Mary Higgins Clark,1993,Dell,http://images.amazon.com/images/P/0440200989.01.LZZZZZZZ.jpg
671568175,Let Me Call You Sweetheart,Mary Higgins Clark,1996,Pocket,http://images.amazon.com/images/P/0671568175.01.LZZZZZZZ.jpg
449221504,K Is for Killer (Kinsey Millhone Mysteries (Paperback)),Sue Grafton,1999,Fawcett Books,http://images.amazon.com/images/P/0449221504.01.LZZZZZZZ.jpg
446607193,Unspeakable,Sandra Brown,1999,Warner Books,http://images.amazon.com/images/P/0446607193.01.LZZZZZZZ.jpg
373484003,Irish Hearts,Nora Roberts,2000,Silhouette,http://images.amazon.com/images/P/0373484003.01.LZZZZZZZ.jpg
440211263,Circle of Friends,Maeve Binchy,1991,Dell,http://images.amazon.com/images/P/0440211263.01.LZZZZZZZ.jpg
553260111,The Bourne Identity,Robert Ludlum,1984,Bantam Books,http://images.amazon.com/images/P/0553260111.01.LZZZZZZZ.jpg
767900383,Under the Tuscan Sun,Frances Mayes,1997,Broadway,http://images.amazon.com/images/P/0767900383.01.LZZZZZZZ.jpg
671034006,Heartbreaker,Julie Garwood,2001,Pocket,http://images.amazon.com/images/P/0671034006.01.LZZZZZZZ.jpg
425116840,The Cardinal of the Kremlin (Jack Ryan Novels),Tom Clancy,1989,Berkley Publishing Group,http://images.amazon.com/images/P/0425116840.01.LZZZZZZZ.jpg
039914465X,Southern Cross,Patricia Daniels Cornwell,1999,Putnam Pub Group,http://images.amazon.com/images/P/039914465X.01.LZZZZZZZ.jpg
067102423X,Bag of Bones,Stephen King,1999,Pocket,http://images.amazon.com/images/P/067102423X.01.LZZZZZZZ.jpg
60809833,Brave New World,Aldous Huxley,1989,Harpercollins,http://images.amazon.com/images/P/0060809833.01.LZZZZZZZ.jpg
553268880,The Prince of Tides,Pat Conroy,1987,Bantam Books,http://images.amazon.com/images/P/0553268880.01.LZZZZZZZ.jpg
446521582,The Honk and Holler Opening Soon,Billie Letts,1998,Warner Books,http://images.amazon.com/images/P/0446521582.01.LZZZZZZZ.jpg
385336179,Shopaholic Ties the Knot,Sophie Kinsella,2003,Delta,http://images.amazon.com/images/P/0385336179.01.LZZZZZZZ.jpg
553582755,One Door Away from Heaven,Dean R. Koontz,2002,Bantam Books,http://images.amazon.com/images/P/0553582755.01.LZZZZZZZ.jpg
044651652X,The Bridges of Madison County,Robert James Waller,1992,Warner Books,http://images.amazon.com/images/P/044651652X.01.LZZZZZZZ.jpg
345339738,"The Return of the King (The Lord of the Rings, Part 3)",J.R.R. TOLKIEN,1986,Del Rey,http://images.amazon.com/images/P/0345339738.01.LZZZZZZZ.jpg
679441557,Ladder of Years,Anne Tyler,1995,Random House Inc,http://images.amazon.com/images/P/0679441557.01.LZZZZZZZ.jpg
1573225517,High Fidelity,Nick Hornby,1996,Riverhead Books,http://images.amazon.com/images/P/1573225517.01.LZZZZZZZ.jpg
60199652,Prodigal Summer,Barbara Kingsolver,2000,HarperCollins,http://images.amazon.com/images/P/0060199652.01.LZZZZZZZ.jpg
316284955,White Oleander : A Novel (Oprah's Book Club),Janet Fitch,2000,Back Bay Books,http://images.amazon.com/images/P/0316284955.01.LZZZZZZZ.jpg
60987529,Confessions of an Ugly Stepsister : A Novel,Gregory Maguire,2000,Regan Books,http://images.amazon.com/images/P/0060987529.01.LZZZZZZZ.jpg
553277472,Zen and the Art of Motorcycle Maintenance: An Inquiry into Values,ROBERT PIRSIG,1984,Bantam,http://images.amazon.com/images/P/0553277472.01.LZZZZZZZ.jpg
425161617,The Accidental Tourist,Anne Tyler,1998,Berkley Publishing Group,http://images.amazon.com/images/P/0425161617.01.LZZZZZZZ.jpg
553560247,Dying for Chocolate (Culinary Mysteries (Paperback)),DIANE MOTT DAVIDSON,1993,Bantam,http://images.amazon.com/images/P/0553560247.01.LZZZZZZZ.jpg
051512608X,The Reef,Nora Roberts,1999,Jove Books,http://images.amazon.com/images/P/051512608X.01.LZZZZZZZ.jpg
553574671,Prime Cut,Diane Mott Davidson,2000,Bantam Books,http://images.amazon.com/images/P/0553574671.01.LZZZZZZZ.jpg
375727345,House of Sand and Fog,Andre Dubus III,2000,Vintage Books,http://images.amazon.com/images/P/0375727345.01.LZZZZZZZ.jpg
446608890,Saving Faith,David Baldacci,2000,Warner Vision,http://images.amazon.com/images/P/0446608890.01.LZZZZZZZ.jpg
743437640,The Mulberry Tree,Jude Deveraux,2003,Pocket,http://images.amazon.com/images/P/0743437640.01.LZZZZZZZ.jpg
375703861,White Teeth: A Novel,Zadie Smith,2001,Vintage Books USA,http://images.amazon.com/images/P/0375703861.01.LZZZZZZZ.jpg
425152251,Sophie's World: A Novel About the History of Philosophy,Jostein Gaarder,1996,Berkley Publishing Group,http://images.amazon.com/images/P/0425152251.01.LZZZZZZZ.jpg
312924585,Silence of the Lambs,Thomas Harris,1991,St. Martin's Press,http://images.amazon.com/images/P/0312924585.01.LZZZZZZZ.jpg
385479565,The Hot Zone,Richard Preston,1995,Anchor,http://images.amazon.com/images/P/0385479565.01.LZZZZZZZ.jpg
425162443,The Rapture of Canaan,Sheri Reynolds,1997,Berkley Publishing Group,http://images.amazon.com/images/P/0425162443.01.LZZZZZZZ.jpg
515132020,Heaven and Earth (Three Sisters Island Trilogy),Nora Roberts,2003,Jove Books,http://images.amazon.com/images/P/0515132020.01.LZZZZZZZ.jpg
515131229,Dance upon the Air (Three Sisters Island Trilogy),Nora Roberts,2003,Jove Books,http://images.amazon.com/images/P/0515131229.01.LZZZZZZZ.jpg
038079487X,What Looks Like Crazy On An Ordinary Day,Pearl Cleage,1998,Perennial,http://images.amazon.com/images/P/038079487X.01.LZZZZZZZ.jpg
684872153,Angela's Ashes (MMP) : A Memoir,Frank McCourt,1999,Scribner,http://images.amazon.com/images/P/0684872153.01.LZZZZZZZ.jpg
440241162,Nerd in Shining Armor,Vicki Lewis Thompson,2003,Dell Publishing Company,http://images.amazon.com/images/P/0440241162.01.LZZZZZZZ.jpg
515119784,Range of Motion,Elizabeth Berg,1996,Jove Books,http://images.amazon.com/images/P/0515119784.01.LZZZZZZZ.jpg
64407675,"The Reptile Room (A Series of Unfortunate Events, Book 2)",Lemony Snicket,1999,HarperCollins,http://images.amazon.com/images/P/0064407675.01.LZZZZZZZ.jpg
380977788,Coraline,Neil Gaiman,2002,HarperCollins,http://images.amazon.com/images/P/0380977788.01.LZZZZZZZ.jpg
441304834,Guilty Pleasures (Anita Blake Vampire Hunter (Paperback)),Laurell K. Hamilton,1995,Ace Books,http://images.amazon.com/images/P/0441304834.01.LZZZZZZZ.jpg
553571818,Long After Midnight,IRIS JOHANSEN,1997,Bantam,http://images.amazon.com/images/P/0553571818.01.LZZZZZZZ.jpg
345391055,Disclosure,Michael Crichton,1994,Ballantine Books,http://images.amazon.com/images/P/0345391055.01.LZZZZZZZ.jpg
375760911,The Idiot Girls' Action Adventure Club,Laurie Notaro,2002,Villard Books,http://images.amazon.com/images/P/0375760911.01.LZZZZZZZ.jpg
451197410,How Stella Got Her Groove Back,Terry McMillan,1998,Signet Book,http://images.amazon.com/images/P/0451197410.01.LZZZZZZZ.jpg
316601950,The Pilot's Wife : A Novel,Anita Shreve,1999,Back Bay Books,http://images.amazon.com/images/P/0316601950.01.LZZZZZZZ.jpg
1573227331,About a Boy,Nick Hornby,1999,Riverhead Books,http://images.amazon.com/images/P/1573227331.01.LZZZZZZZ.jpg
080411918X,A Patchwork Planet,ANNE TYLER,2001,Ballantine Books,http://images.amazon.com/images/P/080411918X.01.LZZZZZZZ.jpg
553293176,Dangerous,Amanda Quick,1993,Bantam,http://images.amazon.com/images/P/0553293176.01.LZZZZZZZ.jpg
440222915,Outlander,DIANA GABALDON,1996,Dell,http://images.amazon.com/images/P/0440222915.01.LZZZZZZZ.jpg
375502238,Blessings,ANNA QUINDLEN,2002,Random House,http://images.amazon.com/images/P/0375502238.01.LZZZZZZZ.jpg
440202043,Shell Seekers,Rosamunde Pilcher,1996,Dell,http://images.amazon.com/images/P/0440202043.01.LZZZZZZZ.jpg
451183665,A Case of Need,Michael Crichton,1994,Signet Book,http://images.amazon.com/images/P/0451183665.01.LZZZZZZZ.jpg
684841185,Death du Jour,Kathy Reichs,1999,Scribner,http://images.amazon.com/images/P/0684841185.01.LZZZZZZZ.jpg
316693286,Pop Goes the Weasel,James Patterson,1999,Replica Books,http://images.amazon.com/images/P/0316693286.01.LZZZZZZZ.jpg
60086246,Last Chance Saloon,Marian Keyes,2003,Perennial,http://images.amazon.com/images/P/0060086246.01.LZZZZZZZ.jpg
038550926X,The Devil Wears Prada : A Novel,LAUREN WEISBERGER,2003,Doubleday,http://images.amazon.com/images/P/038550926X.01.LZZZZZZZ.jpg
671004530,On the Street Where You Live,Mary Higgins Clark,2002,Pocket,http://images.amazon.com/images/P/0671004530.01.LZZZZZZZ.jpg
60959037,Prodigal Summer: A Novel,Barbara Kingsolver,2001,Perennial,http://images.amazon.com/images/P/0060959037.01.LZZZZZZZ.jpg
312244266,Winter Solstice,Rosamunde Pilcher,2000,Thomas Dunne Books,http://images.amazon.com/images/P/0312244266.01.LZZZZZZZ.jpg
452282829,We Were the Mulvaneys,Joyce Carol Oates,1996,Plume,http://images.amazon.com/images/P/0452282829.01.LZZZZZZZ.jpg
8878242357,Cujo,Stephen King,0,Distribooks Int'l+inc,http://images.amazon.com/images/P/8878242357.01.LZZZZZZZ.jpg
385722206,Balzac and the Little Chinese Seamstress : A Novel,DAI SIJIE,2002,Anchor,http://images.amazon.com/images/P/0385722206.01.LZZZZZZZ.jpg
142001430,Year of Wonders,Geraldine Brooks,2002,Penguin Books,http://images.amazon.com/images/P/0142001430.01.LZZZZZZZ.jpg
553800914,The Search,Iris Johansen,2000,Bantam Books,http://images.amazon.com/images/P/0553800914.01.LZZZZZZZ.jpg
080410526X,All I Really Need to Know,ROBERT FULGHUM,1989,Ivy Books,http://images.amazon.com/images/P/080410526X.01.LZZZZZZZ.jpg
440235596,Tara Road,Maeve Binchy,2000,Dell Publishing Company,http://images.amazon.com/images/P/0440235596.01.LZZZZZZZ.jpg
552998486,Chocolat,Joanne Harris,2000,Black Swan,http://images.amazon.com/images/P/0552998486.01.LZZZZZZZ.jpg
439139597,Harry Potter and the Goblet of Fire (Book 4),J. K. Rowling,2000,Scholastic,http://images.amazon.com/images/P/0439139597.01.LZZZZZZZ.jpg
440180295,Slaughterhouse Five or the Children's Crusade: A Duty Dance With Death,Kurt Vonnegut,1991,Laurel,http://images.amazon.com/images/P/0440180295.01.LZZZZZZZ.jpg
449003795,P Is for Peril,Sue Grafton,2002,Ballantine Books,http://images.amazon.com/images/P/0449003795.01.LZZZZZZZ.jpg
1551668998,Beach House,Mary Alice Monroe,2002,Mira,http://images.amazon.com/images/P/1551668998.01.LZZZZZZZ.jpg
044651862X,The Celestine Prophecy (Celestine Prophecy),James Redfield,1994,Warner Books,http://images.amazon.com/images/P/044651862X.01.LZZZZZZZ.jpg
043935806X,Harry Potter and the Order of the Phoenix (Book 5),J. K. Rowling,2003,Scholastic,http://images.amazon.com/images/P/043935806X.01.LZZZZZZZ.jpg
042513525X,Hideaway,Dean R. Koontz,1992,Berkley Publishing Group,http://images.amazon.com/images/P/042513525X.01.LZZZZZZZ.jpg
451156609,The Tommyknockers,Stephen King,1994,Signet Book,http://images.amazon.com/images/P/0451156609.01.LZZZZZZZ.jpg
1400031354,Tears of the Giraffe (No.1 Ladies Detective Agency),Alexander McCall Smith,2002,Anchor,http://images.amazon.com/images/P/1400031354.01.LZZZZZZZ.jpg
446608955,A Walk to Remember,Nicholas Sparks,2000,Warner Books,http://images.amazon.com/images/P/0446608955.01.LZZZZZZZ.jpg
449218473,Journey,James A. Michener,1994,Fawcett Books,http://images.amazon.com/images/P/0449218473.01.LZZZZZZZ.jpg
440414806,Holes (Yearling Newbery),LOUIS SACHAR,2000,Yearling,http://images.amazon.com/images/P/0440414806.01.LZZZZZZZ.jpg
440241073,The Summons,John Grisham,2002,Dell Publishing Company,http://images.amazon.com/images/P/0440241073.01.LZZZZZZZ.jpg
446606324,The Winner,David Baldacci,1998,Warner Vision,http://images.amazon.com/images/P/0446606324.01.LZZZZZZZ.jpg
446670251,The Virgin Suicides,Jeffrey Eugenides,1994,Warner Books,http://images.amazon.com/images/P/0446670251.01.LZZZZZZZ.jpg
425154092,From Potter's Field,Patricia Daniels Cornwell,1996,Berkley Publishing Group,http://images.amazon.com/images/P/0425154092.01.LZZZZZZZ.jpg
671014196,The Summerhouse,Jude Deveraux,2002,Pocket,http://images.amazon.com/images/P/0671014196.01.LZZZZZZZ.jpg
871136791,Cold Mountain,Charles Frazier,1997,Atlantic Monthly Press,http://images.amazon.com/images/P/0871136791.01.LZZZZZZZ.jpg
525945938,Scarlet Feather,Maeve Binchy,2001,Dutton Books,http://images.amazon.com/images/P/0525945938.01.LZZZZZZZ.jpg
385475721,The Blind Assassin,Margaret Atwood,2000,Nan A. Talese,http://images.amazon.com/images/P/0385475721.01.LZZZZZZZ.jpg
515137111,Birthright,Nora Roberts,2004,Jove Books,http://images.amazon.com/images/P/0515137111.01.LZZZZZZZ.jpg
553271636,D Is for Deadbeat (Kinsey Millhone Mysteries (Paperback)),Sue Grafton,1988,Bantam,http://images.amazon.com/images/P/0553271636.01.LZZZZZZZ.jpg
679751521,Midnight in the Garden of Good and Evil,John Berendt,1999,Vintage Books USA,http://images.amazon.com/images/P/0679751521.01.LZZZZZZZ.jpg
312966091,Three To Get Deadly : A Stephanie Plum Novel (A Stephanie Plum Novel),Janet Evanovich,1998,St. Martin's Paperbacks,http://images.amazon.com/images/P/0312966091.01.LZZZZZZZ.jpg
671001795,Two for the Dough,Janet Evanovich,1996,Pocket,http://images.amazon.com/images/P/0671001795.01.LZZZZZZZ.jpg
425161285,Turtle Moon,Alice Hoffman,1997,Berkley Publishing Group,http://images.amazon.com/images/P/0425161285.01.LZZZZZZZ.jpg
553274295,Where the Red Fern Grows,Wilson Rawls,1984,Random House Children's Books,http://images.amazon.com/images/P/0553274295.01.LZZZZZZZ.jpg
525945210,A Man Named Dave: A Story of Triumph and Forgiveness,David J. Pelzer,1999,Dutton Books,http://images.amazon.com/images/P/0525945210.01.LZZZZZZZ.jpg
679439382,The Little Friend,Donna Tartt,2002,Alfred A. Knopf,http://images.amazon.com/images/P/0679439382.01.LZZZZZZZ.jpg
804108749,Saint Maybe,ANNE TYLER,1992,Ivy Books,http://images.amazon.com/images/P/0804108749.01.LZZZZZZZ.jpg
425121631,Rules of Prey,John Sandford,1992,Berkley Publishing Group,http://images.amazon.com/images/P/0425121631.01.LZZZZZZZ.jpg
553579983,And Then You Die,Iris Johansen,1998,Bantam,http://images.amazon.com/images/P/0553579983.01.LZZZZZZZ.jpg
446611808,Envy,Sandra Brown,2002,Warner Books,http://images.amazon.com/images/P/0446611808.01.LZZZZZZZ.jpg
425178579,Betrayal in Death,Nora Roberts,2001,Berkley Publishing Group,http://images.amazon.com/images/P/0425178579.01.LZZZZZZZ.jpg
451210840,"The Gunslinger (The Dark Tower, Book 1)",Stephen King,2003,New American Library,http://images.amazon.com/images/P/0451210840.01.LZZZZZZZ.jpg
451167317,The Dark Half,Stephen King,1994,Signet Book,http://images.amazon.com/images/P/0451167317.01.LZZZZZZZ.jpg
312983271,Full House (Janet Evanovich's Full Series),Janet Evanovich,2002,St. Martin's Paperbacks,http://images.amazon.com/images/P/0312983271.01.LZZZZZZZ.jpg
553284789,F Is for Fugitive (Kinsey Millhone Mysteries (Paperback)),Sue Grafton,1990,Bantam,http://images.amazon.com/images/P/0553284789.01.LZZZZZZZ.jpg
553279556,E Is for Evidence: A Kinsey Millhone Mystery (Kinsey Millhone Mysteries (Paperback)),Sue Grafton,1989,Bantam,http://images.amazon.com/images/P/0553279556.01.LZZZZZZZ.jpg
451191013,The Regulators,Stephen King,2002,Signet Book,http://images.amazon.com/images/P/0451191013.01.LZZZZZZZ.jpg
446605409,Plum Island,Nelson DeMille,1998,Warner Books,http://images.amazon.com/images/P/0446605409.01.LZZZZZZZ.jpg
345366239,The Eight,Katherine Neville,1995,Ballantine Books,http://images.amazon.com/images/P/0345366239.01.LZZZZZZZ.jpg
451163524,"The Drawing of the Three (The Dark Tower, Book 2)",Stephen King,1997,Signet Book,http://images.amazon.com/images/P/0451163524.01.LZZZZZZZ.jpg
451194861,"Wizard and Glass (The Dark Tower, Book 4)",Stephen King,1998,Signet Book,http://images.amazon.com/images/P/0451194861.01.LZZZZZZZ.jpg
452280621,Beloved,Toni Morrison,1998,Plume Books,http://images.amazon.com/images/P/0452280621.01.LZZZZZZZ.jpg
671026011,The Empty Chair,Jeffery Deaver,2001,Pocket,http://images.amazon.com/images/P/0671026011.01.LZZZZZZZ.jpg
609804138,The Sweet Potato Queens' Book of Love,JILL CONNER BROWNE,1999,Three Rivers Press,http://images.amazon.com/images/P/0609804138.01.LZZZZZZZ.jpg
345439104,Drowning Ruth (Oprah's Book Club),CHRISTINA SCHWARZ,2001,Ballantine Books,http://images.amazon.com/images/P/0345439104.01.LZZZZZZZ.jpg
425180638,The Last Precinct,Patricia Cornwell,2001,Berkley Publishing Group,http://images.amazon.com/images/P/0425180638.01.LZZZZZZZ.jpg
312924801,September,Rosamunde Pilcher,1991,St. Martin's Press,http://images.amazon.com/images/P/0312924801.01.LZZZZZZZ.jpg
679735909,Possession : A Romance,A.S. BYATT,1991,Vintage,http://images.amazon.com/images/P/0679735909.01.LZZZZZZZ.jpg
449221490,L Is for Lawless,Sue Grafton,1996,Fawcett Books,http://images.amazon.com/images/P/0449221490.01.LZZZZZZZ.jpg
679433023,Violin,Anne Rice,1997,Alfred A. Knopf,http://images.amazon.com/images/P/0679433023.01.LZZZZZZZ.jpg
60921145,Animal Dreams,Barbara Kingsolver,1991,Perennial,http://images.amazon.com/images/P/0060921145.01.LZZZZZZZ.jpg
440224853,The Ghost,Danielle Steel,1998,Dell Publishing Company,http://images.amazon.com/images/P/0440224853.01.LZZZZZZZ.jpg
345404114,Sleepers,Lorenzo Carcaterra,1996,Ballantine Books,http://images.amazon.com/images/P/0345404114.01.LZZZZZZZ.jpg
2261529,Temptation,Dermot Bolger,2000,Harpercollins,http://images.amazon.com/images/P/0002261529.01.LZZZZZZZ.jpg
345427637,The Angel of Darkness,Caleb Carr,1998,Ballantine Books,http://images.amazon.com/images/P/0345427637.01.LZZZZZZZ.jpg
860074382,84 Charing Cross Road,Helene Hanff,0,Warner Books> C/o Little Br,http://images.amazon.com/images/P/0860074382.01.LZZZZZZZ.jpg
671042572,Jewel (Oprah's Book Club),Bret Lott,1999,Pocket,http://images.amazon.com/images/P/0671042572.01.LZZZZZZZ.jpg
451209907,Quentins,Maeve Binchy,2003,Signet Book,http://images.amazon.com/images/P/0451209907.01.LZZZZZZZ.jpg
449221512,I Is for Innocent,Sue Grafton,1994,Fawcett Books,http://images.amazon.com/images/P/0449221512.01.LZZZZZZZ.jpg
385318073,Evening Class,Maeve Binchy,1997,Dell,http://images.amazon.com/images/P/0385318073.01.LZZZZZZZ.jpg
1400031362,Morality for Beautiful Girls (No.1 Ladies Detective Agency),Alexander McCall Smith,2002,Anchor,http://images.amazon.com/images/P/1400031362.01.LZZZZZZZ.jpg
449223612,N Is for Noose,Sue Grafton,1999,Fawcett Books,http://images.amazon.com/images/P/0449223612.01.LZZZZZZZ.jpg
440998050,A Wrinkle in Time,Madeleine L'Engle,1976,Laure Leaf,http://images.amazon.com/images/P/0440998050.01.LZZZZZZZ.jpg
679745203,The English Patient,Michael Ondaatje,1996,Vintage Books USA,http://images.amazon.com/images/P/0679745203.01.LZZZZZZZ.jpg
345449347,The Fourth Hand,John Irving,2002,Ballantine Books,http://images.amazon.com/images/P/0345449347.01.LZZZZZZZ.jpg
039913543X,Shadow Prey,John Sandford,1990,Putnam Pub Group,http://images.amazon.com/images/P/039913543X.01.LZZZZZZZ.jpg
399137734,Dragon Tears,Dean R. Koontz,1993,Putnam Pub Group,http://images.amazon.com/images/P/0399137734.01.LZZZZZZZ.jpg
671670689,Dawn (Cutler),V.C. Andrews,1990,Pocket,http://images.amazon.com/images/P/0671670689.01.LZZZZZZZ.jpg
446605581,Fat Tuesday,Sandra Brown,1998,Warner Vision,http://images.amazon.com/images/P/0446605581.01.LZZZZZZZ.jpg
553096834,Couplehood,Paul Reiser,1994,Bantam Dell Pub Group,http://images.amazon.com/images/P/0553096834.01.LZZZZZZZ.jpg
553574663,The Grilling Season,Diane Mott Davidson,1998,Bantam Books,http://images.amazon.com/images/P/0553574663.01.LZZZZZZZ.jpg
553279378,I Know Why the Caged Bird Sings,MAYA ANGELOU,1983,Bantam,http://images.amazon.com/images/P/0553279378.01.LZZZZZZZ.jpg
553292722,Still Waters,TAMI HOAG,1992,Bantam,http://images.amazon.com/images/P/0553292722.01.LZZZZZZZ.jpg
345354621,The Terminal Man,Michael Crichton,1988,Ballantine Books,http://images.amazon.com/images/P/0345354621.01.LZZZZZZZ.jpg
312983867,Hard Eight : A Stephanie Plum Novel (A Stephanie Plum Novel),Janet Evanovich,2003,St. Martin's Paperbacks,http://images.amazon.com/images/P/0312983867.01.LZZZZZZZ.jpg
60008024,Angels,Marian Keyes,2002,William Morrow,http://images.amazon.com/images/P/0060008024.01.LZZZZZZZ.jpg
425147584,Debt of Honor (Jack Ryan Novels),Tom Clancy,1997,Berkley Publishing Group,http://images.amazon.com/images/P/0425147584.01.LZZZZZZZ.jpg
671525433,Dark Angel,V.C. Andrews,1986,Pocket,http://images.amazon.com/images/P/0671525433.01.LZZZZZZZ.jpg
345404319,Taltos: Lives of the Mayfair Witches,Anne Rice,1996,Ballantine Books,http://images.amazon.com/images/P/0345404319.01.LZZZZZZZ.jpg
067940712X,One True Thing,Anna Quindlen,1994,Random House Inc,http://images.amazon.com/images/P/067940712X.01.LZZZZZZZ.jpg
451168615,Skeleton Crew,Stephen King,1986,Signet Book,http://images.amazon.com/images/P/0451168615.01.LZZZZZZZ.jpg
553106651,Seize the Night,DEAN KOONTZ,1998,Bantam,http://images.amazon.com/images/P/0553106651.01.LZZZZZZZ.jpg
425099334,Shattered,Dean R. Koontz,1993,Berkley Publishing Group,http://images.amazon.com/images/P/0425099334.01.LZZZZZZZ.jpg
425192725,Q Is for Quarry,Sue Grafton,2003,Berkley Publishing Group,http://images.amazon.com/images/P/0425192725.01.LZZZZZZZ.jpg
1565115430,Girl in Hyacinth Blue,Susan Vreeland,2001,Highbridge Audio,http://images.amazon.com/images/P/1565115430.01.LZZZZZZZ.jpg
031298328X,Full Tilt (Janet Evanovich's Full Series),Janet Evanovich,2003,St. Martin's Paperbacks,http://images.amazon.com/images/P/031298328X.01.LZZZZZZZ.jpg
440221595,The Glass Lake,Maeve Binchy,1996,Dell,http://images.amazon.com/images/P/0440221595.01.LZZZZZZZ.jpg
440222656,The Horse Whisperer,Nicholas Evans,1996,Dell,http://images.amazon.com/images/P/0440222656.01.LZZZZZZZ.jpg
316899984,"River, Cross My Heart",Breena Clarke,1999,Little Brown &amp; Company,http://images.amazon.com/images/P/0316899984.01.LZZZZZZZ.jpg
044922046X,Catering to Nobody,Diane Mott Davidson,1995,Fawcett Books,http://images.amazon.com/images/P/044922046X.01.LZZZZZZZ.jpg
64472272,"Angus, Thongs and Full-Frontal Snogging: Confessions of Georgia Nicolson",Louise Rennison,2001,HarperTempest,http://images.amazon.com/images/P/0064472272.01.LZZZZZZZ.jpg
515128600,The Edge,Catherine Coulter,2000,Jove Books,http://images.amazon.com/images/P/0515128600.01.LZZZZZZZ.jpg
515121843,Sea Swept (Quinn Brothers (Paperback)),Nora Roberts,2001,Jove Books,http://images.amazon.com/images/P/0515121843.01.LZZZZZZZ.jpg
312265840,Seven Up (A Stephanie Plum Novel),Janet Evanovich,2001,St. Martin's Press,http://images.amazon.com/images/P/0312265840.01.LZZZZZZZ.jpg
316780375,The Weight of Water : A Novel Tag: Author of Resistance and Strange Fits of Passion,Anita Shreve,1998,Back Bay Books,http://images.amazon.com/images/P/0316780375.01.LZZZZZZZ.jpg
743436210,Hearts in Atlantis,Stephen King,2001,Pocket,http://images.amazon.com/images/P/0743436210.01.LZZZZZZZ.jpg
380564998,Jacob Have I Loved,Katherine Paterson,1981,Avon Books,https://upload.wikimedia.org/wikipedia/en/thumb/6/6c/JacobIHaveLovedBookCover.jpg/220px-JacobIHaveLovedBookCover.jpg
553582526,Dust to Dust,TAMI HOAG,2002,Bantam,http://images.amazon.com/images/P/0553582526.01.LZZZZZZZ.jpg
451152190,Over the Edge,Jonathan Kellerman,1993,New American Library,http://images.amazon.com/images/P/0451152190.01.LZZZZZZZ.jpg
446527017,Standoff,Sandra Brown,2000,Warner Books,http://images.amazon.com/images/P/0446527017.01.LZZZZZZZ.jpg
373218036,"Truly, Madly Manhattan",Nora Roberts,2003,Silhouette,http://images.amazon.com/images/P/0373218036.01.LZZZZZZZ.jpg
451186923,The Deep End of the Ocean,Jacquelyn Mitchard,1997,New Amer Library,http://images.amazon.com/images/P/0451186923.01.LZZZZZZZ.jpg
553280341,B Is for Burglar (Kinsey Millhone Mysteries (Paperback)),Sue Grafton,1986,Bantam,http://images.amazon.com/images/P/0553280341.01.LZZZZZZZ.jpg
553280368,C Is for Corpse (Kinsey Millhone Mysteries (Paperback)),Sue Grafton,1987,Bantam,http://images.amazon.com/images/P/0553280368.01.LZZZZZZZ.jpg
451176464,Gerald's Game,Stephen King,2001,Signet Book,http://images.amazon.com/images/P/0451176464.01.LZZZZZZZ.jpg
671894455,FORREST GUMP (Movie Tie in),Winston Groom,1994,Pocket,http://images.amazon.com/images/P/0671894455.01.LZZZZZZZ.jpg
451186362,Rose Madder,Stephen King,2004,Signet Book,http://images.amazon.com/images/P/0451186362.01.LZZZZZZZ.jpg
441569595,Neuromancer (Remembering Tomorrow),William Gibson,1995,Ace Books,http://images.amazon.com/images/P/0441569595.01.LZZZZZZZ.jpg
425147363,Tom Clancy's Op-Center (Tom Clancy's Op Center (Paperback)),Tom Clancy,1995,Berkley Publishing Group,http://images.amazon.com/images/P/0425147363.01.LZZZZZZZ.jpg
044022425X,Drums of Autumn,DIANA GABALDON,1997,Dell,http://images.amazon.com/images/P/044022425X.01.LZZZZZZZ.jpg
440217563,Voyager,DIANA GABALDON,1994,Dell,http://images.amazon.com/images/P/0440217563.01.LZZZZZZZ.jpg
014023313X,The Stone Diaries,Carol Shields,1995,Penguin Books,http://images.amazon.com/images/P/014023313X.01.LZZZZZZZ.jpg
006001203X,Dr. Atkins' New Diet Revolution,Robert C. Atkins,2001,Avon Books,http://images.amazon.com/images/P/006001203X.01.LZZZZZZZ.jpg
440207622,Daddy,DANIELLE STEEL,1990,Dell,http://images.amazon.com/images/P/0440207622.01.LZZZZZZZ.jpg
399142495,Small Town Girl,LaVyrle Spencer,1997,Putnam Pub Group,http://images.amazon.com/images/P/0399142495.01.LZZZZZZZ.jpg
345453816,Killjoy,Julie Garwood,2003,Ballantine Books,http://images.amazon.com/images/P/0345453816.01.LZZZZZZZ.jpg
688162827,Tell Me Your Dreams,Sidney Sheldon,1998,William Morrow &amp; Company,http://images.amazon.com/images/P/0688162827.01.LZZZZZZZ.jpg
553571885,A Thin Dark Line (Mysteries &amp; Horror),TAMI HOAG,1998,Bantam,http://images.amazon.com/images/P/0553571885.01.LZZZZZZZ.jpg
014034294X,Matilda,Roald Dahl,1990,Puffin Books,http://images.amazon.com/images/P/014034294X.01.LZZZZZZZ.jpg
553578022,The Face of Deception,Iris Johansen,1999,Bantam Books,http://images.amazon.com/images/P/0553578022.01.LZZZZZZZ.jpg
449219364,G Is for Gumshoe (Kinsey Millhone Mysteries (Paperback)),Sue Grafton,1991,Fawcett Books,http://images.amazon.com/images/P/0449219364.01.LZZZZZZZ.jpg
743227441,The Other Boleyn Girl,Philippa Gregory,2002,Touchstone,http://images.amazon.com/images/P/0743227441.01.LZZZZZZZ.jpg
553275976,The Bonfire of the Vanities,Tom Wolfe,1988,Bantam Books,http://images.amazon.com/images/P/0553275976.01.LZZZZZZZ.jpg
553122509,All Creatures Great and Small,James Herriot,0,Bantam Doubleday Dell,http://images.amazon.com/images/P/0553122509.01.LZZZZZZZ.jpg
140092323,Lake Wobegon days,Garrison Keillor,1986,Penguin Books,http://images.amazon.com/images/P/0140092323.01.LZZZZZZZ.jpg
553578308,Tough Cookie,Diane Mott Davidson,2001,Bantam Books,http://images.amazon.com/images/P/0553578308.01.LZZZZZZZ.jpg
671001787,Alaska,Frank Lauria,1996,Aladdin,http://images.amazon.com/images/P/0671001787.01.LZZZZZZZ.jpg
446610542,The Bachelor (Warner Books Contemporary Romance),Carly Phillips,2002,Warner Forever,http://images.amazon.com/images/P/0446610542.01.LZZZZZZZ.jpg
786000872,The Promise,Mandalyn Kaye,1995,Pinnacle Books,http://images.amazon.com/images/P/0786000872.01.LZZZZZZZ.jpg
451178599,Needful Things,Stephen King,1993,New Amer Library,http://images.amazon.com/images/P/0451178599.01.LZZZZZZZ.jpg
451170385,Four Past Midnight,Stephen King,2001,Signet Book,http://images.amazon.com/images/P/0451170385.01.LZZZZZZZ.jpg
006016848X,"Men Are from Mars, Women Are from Venus: A Practical Guide for Improving Communication and Getting What You Want in Your Relationships",John Gray,1992,HarperCollins Publishers,http://images.amazon.com/images/P/006016848X.01.LZZZZZZZ.jpg
671727583,Smart Women,Judy Blume,1990,Pocket Books,http://images.amazon.com/images/P/0671727583.01.LZZZZZZZ.jpg
515133302,Hemlock Bay,Catherine Coulter,2002,Jove Books,http://images.amazon.com/images/P/0515133302.01.LZZZZZZZ.jpg
446532452,The Wedding,Nicholas Sparks,2003,Warner Books,http://images.amazon.com/images/P/0446532452.01.LZZZZZZZ.jpg
042510107X,Red Storm Rising,Tom Clancy,1997,Berkley Publishing Group,http://images.amazon.com/images/P/042510107X.01.LZZZZZZZ.jpg
312966806,Tell Me Lies (Tell Me Lies),Jennifer Crusie,1999,St. Martin's Press,http://images.amazon.com/images/P/0312966806.01.LZZZZZZZ.jpg
446603716,Hide &amp; Seek,James Patterson,1996,Warner Books,http://images.amazon.com/images/P/0446603716.01.LZZZZZZZ.jpg
440193613,Wanderlust,Danielle Steel,1987,Dell,http://images.amazon.com/images/P/0440193613.01.LZZZZZZZ.jpg
373825013,"Whirlwind (Tyler, Book 1)",Nancy Martin,1992,Harlequin,http://images.amazon.com/images/P/0373825013.01.LZZZZZZZ.jpg
451157443,Carrie,Stephen King,1994,Signet Book,http://images.amazon.com/images/P/0451157443.01.LZZZZZZZ.jpg
671880314,Schindler's List,Thomas Keneally,1993,Touchstone,http://images.amazon.com/images/P/0671880314.01.LZZZZZZZ.jpg
446513067,The General's Daughter,Nelson DeMille,1992,Warner Books,http://images.amazon.com/images/P/0446513067.01.LZZZZZZZ.jpg
385502532,Drowning Ruth,Christina Schwarz,2000,Doubleday,http://images.amazon.com/images/P/0385502532.01.LZZZZZZZ.jpg
553263226,The Bourne Supremacy,Robert Ludlum,1987,Bantam,http://images.amazon.com/images/P/0553263226.01.LZZZZZZZ.jpg
373218397,Summer Pleasures,Nora Roberts,2002,Silhouette,http://images.amazon.com/images/P/0373218397.01.LZZZZZZZ.jpg
399143874,Homeport,Nora Roberts,1998,Putnam Publishing Group,http://images.amazon.com/images/P/0399143874.01.LZZZZZZZ.jpg
440222842,Five Days in Paris,DANIELLE STEEL,1997,Dell,http://images.amazon.com/images/P/0440222842.01.LZZZZZZZ.jpg
679433740,Paradise,Toni Morrison,1998,Alfred A. Knopf,http://images.amazon.com/images/P/0679433740.01.LZZZZZZZ.jpg
375703063,A Virtuous Woman (Oprah's Book Club (Paperback)),Kaye Gibbons,1997,Vintage Books,http://images.amazon.com/images/P/0375703063.01.LZZZZZZZ.jpg
446360589,The Burden of Proof,Scott Turow,1991,Warner Books,http://images.amazon.com/images/P/0446360589.01.LZZZZZZZ.jpg
385306024,Accident,Danielle Steel,1994,Delacorte Press,http://images.amazon.com/images/P/0385306024.01.LZZZZZZZ.jpg
446802204,Master of the Game,Sidney Sheldon,1983,Not Avail,http://images.amazon.com/images/P/0446802204.01.LZZZZZZZ.jpg
446329894,If Tomorrow Comes,Sidney Sheldon,1986,Warner Books> C/o Little Br,http://images.amazon.com/images/P/0446329894.01.LZZZZZZZ.jpg
553580221,False Memory,Dean R. Koontz,2000,Bantam Books,http://images.amazon.com/images/P/0553580221.01.LZZZZZZZ.jpg
399139087,Second Nature,Alice Hoffman,1994,Putnam Pub Group,http://images.amazon.com/images/P/0399139087.01.LZZZZZZZ.jpg
312958129,Coming Home,Rosamunde Pilcher,1996,St. Martin's Press,http://images.amazon.com/images/P/0312958129.01.LZZZZZZZ.jpg
345368754,Foucault's Pendulum,Umberto Eco,1990,Ballantine Books,http://images.amazon.com/images/P/0345368754.01.LZZZZZZZ.jpg
61099708,Colony,Anne Rivers Siddons,1993,HarperTorch,http://images.amazon.com/images/P/0061099708.01.LZZZZZZZ.jpg
446359750,Devices and Desires,Phyllis White,1991,Warner Books,http://images.amazon.com/images/P/0446359750.01.LZZZZZZZ.jpg
553581554,The Killing Game: Only One Can Win...and the Loser Dies,Iris Johansen,2000,Bantam Books,http://images.amazon.com/images/P/0553581554.01.LZZZZZZZ.jpg
451180232,Nightmares &amp; Dreamscapes,Stephen King,2004,Signet Book,http://images.amazon.com/images/P/0451180232.01.LZZZZZZZ.jpg
451137965,Thinner,Stephen King,1985,New Amer Library,http://images.amazon.com/images/P/0451137965.01.LZZZZZZZ.jpg
425105334,The Talisman,Stephen King,1991,Berkley Publishing Group,http://images.amazon.com/images/P/0425105334.01.LZZZZZZZ.jpg
671886665,A Cry In The Night,Mary Higgins Clark,1993,Pocket,http://images.amazon.com/images/P/0671886665.01.LZZZZZZZ.jpg
080411868X,"Welcome to the World, Baby Girl!",Fannie Flagg,1999,Ballantine Books,http://images.amazon.com/images/P/080411868X.01.LZZZZZZZ.jpg
425145638,Fatal Cure,Robin Cook,1997,Berkley Publishing Group,http://images.amazon.com/images/P/0425145638.01.LZZZZZZZ.jpg
140003065X,A Fine Balance,Rohinton Mistry,2001,Vintage Books USA,http://images.amazon.com/images/P/140003065X.01.LZZZZZZZ.jpg
671011367,Deja Dead,Kathy Reichs,1998,Pocket,http://images.amazon.com/images/P/0671011367.01.LZZZZZZZ.jpg
553569910,The Ugly Duckling,Iris Johansen,1997,Bantam Books,http://images.amazon.com/images/P/0553569910.01.LZZZZZZZ.jpg
60391626,I Know This Much Is True (Oprah's Book Club),Wally Lamb,1998,Regan Books,http://images.amazon.com/images/P/0060391626.01.LZZZZZZZ.jpg
440200563,Fine Things,Danielle Steel,1988,Dell,http://images.amazon.com/images/P/0440200563.01.LZZZZZZZ.jpg
553213172,Anne of the Island,Lucy Maud Montgomery,1983,Bantam Classics,http://images.amazon.com/images/P/0553213172.01.LZZZZZZZ.jpg
312974256,Welcome to Temptation,Jennifer Crusie,2001,St. Martin's Paperbacks,http://images.amazon.com/images/P/0312974256.01.LZZZZZZZ.jpg
679425268,Sole Survivor,DEAN KOONTZ,1997,Knopf,http://images.amazon.com/images/P/0679425268.01.LZZZZZZZ.jpg
515128546,Tears of the Moon (Irish Trilogy),Nora Roberts,2000,Jove Books,http://images.amazon.com/images/P/0515128546.01.LZZZZZZZ.jpg
385413041,Beach Music,PAT CONROY,1995,Nan A. Talese,http://images.amazon.com/images/P/0385413041.01.LZZZZZZZ.jpg
345422317,The Genesis Code,John Case,1998,Ballantine Books,http://images.amazon.com/images/P/0345422317.01.LZZZZZZZ.jpg
425168468,Practical Magic,Alice Hoffman,1998,Berkley Publishing Group,http://images.amazon.com/images/P/0425168468.01.LZZZZZZZ.jpg
515130966,Riptide,Catherine Coulter,2001,Jove Books,http://images.amazon.com/images/P/0515130966.01.LZZZZZZZ.jpg
345298349,Gorky Park,Martin Cruz Smith,1993,Ballantine Books,http://images.amazon.com/images/P/0345298349.01.LZZZZZZZ.jpg
1558745157,The Lost Boy: A Foster Child's Search for the Love of a Family,Dave Pelzer,1997,Health Communications,http://images.amazon.com/images/P/1558745157.01.LZZZZZZZ.jpg
006073941X,Bridge to Terabithia,Katherine Paterson,2004,HarperTrophy,http://images.amazon.com/images/P/006073941X.01.LZZZZZZZ.jpg
375411550,The Bluest Eye,Toni Morrison,2000,Knopf,http://images.amazon.com/images/P/0375411550.01.LZZZZZZZ.jpg
316781010,Fortune's Rocks: A Novel,Anita Shreve,1999,Back Bay Books,http://images.amazon.com/images/P/0316781010.01.LZZZZZZZ.jpg
345404769,Silent Witness,RICHARD NORTH PATTERSON,1997,Ballantine Books,http://images.amazon.com/images/P/0345404769.01.LZZZZZZZ.jpg
399148248,Midnight Bayou,Nora Roberts,2001,Putnam Publishing Group,http://images.amazon.com/images/P/0399148248.01.LZZZZZZZ.jpg
1573229725,Fingersmith,Sarah Waters,2002,Riverhead Books,http://images.amazon.com/images/P/1573229725.01.LZZZZZZZ.jpg
425136981,Shadowfires,Dean R. Koontz,1994,Berkley Publishing Group,http://images.amazon.com/images/P/0425136981.01.LZZZZZZZ.jpg
836278658,No Greater Love,William X. Kienzle,1999,Andrews McMeel Pub,http://images.amazon.com/images/P/0836278658.01.LZZZZZZZ.jpg
671867091,Remember Me,Mary Higgins Clark,1995,Pocket,http://images.amazon.com/images/P/0671867091.01.LZZZZZZZ.jpg
380710722,It's Always Something,Gilda Radner,1990,Avon,http://images.amazon.com/images/P/0380710722.01.LZZZZZZZ.jpg
786867647,Lucky Man: A Memoir,Michael J. Fox,2002,Hyperion,http://images.amazon.com/images/P/0786867647.01.LZZZZZZZ.jpg
425097722,Fatherhood,Bill Cosby,1994,Berkley Publishing Group,http://images.amazon.com/images/P/0425097722.01.LZZZZZZZ.jpg
345445848,Big Cherry Holler: A Big Stone Gap Novel (Ballantine Reader's Circle),Adriana Trigiani,2002,Ballantine Books,http://images.amazon.com/images/P/0345445848.01.LZZZZZZZ.jpg
440176484,Secrets,DANIELLE STEEL,1986,Dell,http://images.amazon.com/images/P/0440176484.01.LZZZZZZZ.jpg
385319568,The Long Road Home,DANIELLE STEEL,1998,Delacorte Press,http://images.amazon.com/images/P/0385319568.01.LZZZZZZZ.jpg
038542017X,"Like Water for Chocolate : A Novel in Monthly Installments with Recipes, Romances, and Home Remedies",LAURA ESQUIVEL,1995,Anchor,http://images.amazon.com/images/P/038542017X.01.LZZZZZZZ.jpg
61097101,The Saving Graces: A Novel,Patricia Gaffney,2000,HarperTorch,http://images.amazon.com/images/P/0061097101.01.LZZZZZZZ.jpg
425155404,Invasion,Robin Cook,1997,Berkley Publishing Group,http://images.amazon.com/images/P/0425155404.01.LZZZZZZZ.jpg
425184943,Blue Diary,Alice Hoffman,2002,Berkley Publishing Group,http://images.amazon.com/images/P/0425184943.01.LZZZZZZZ.jpg
449910237,Moo,Jane Smiley,1996,Ballantine Books,http://images.amazon.com/images/P/0449910237.01.LZZZZZZZ.jpg
345413865,Billy Straight : A Novel,JONATHAN KELLERMAN,1999,Ballantine Books,http://images.amazon.com/images/P/0345413865.01.LZZZZZZZ.jpg
373483694,Macgregor Grooms (Macgregors),Nora Roberts,1998,Silhouette,http://images.amazon.com/images/P/0373483694.01.LZZZZZZZ.jpg
842329242,Nicolae: The Rise of Antichrist (Left Behind No. 3),Tim F. Lahaye,1998,Tyndale House Publishers,http://images.amazon.com/images/P/0842329242.01.LZZZZZZZ.jpg
425146413,Night Prey,John Sandford,2004,Berkley Publishing Group,http://images.amazon.com/images/P/0425146413.01.LZZZZZZZ.jpg
015100692X,The Crimson Petal and the White,Michel Faber,2002,Harcourt,http://images.amazon.com/images/P/015100692X.01.LZZZZZZZ.jpg
399144714,Vector,Robin Cook,1999,Putnam Pub Group,http://images.amazon.com/images/P/0399144714.01.LZZZZZZZ.jpg
451204301,Impulse,Catherine Coulter,2001,Signet Book,http://images.amazon.com/images/P/0451204301.01.LZZZZZZZ.jpg
425151867,Acceptable Risk,Robin Cook,1996,Berkley Publishing Group,http://images.amazon.com/images/P/0425151867.01.LZZZZZZZ.jpg
446609943,The Switch,Sandra Brown,2001,Warner Vision,http://images.amazon.com/images/P/0446609943.01.LZZZZZZZ.jpg
553250426,The Clan of the Cave Bear (Earth's Children (Paperback)),Jean M. Auel,1984,Bantam Books,http://images.amazon.com/images/P/0553250426.01.LZZZZZZZ.jpg
446363251,"Scarlett : The Sequel to Margaret Mitchell's \Gone With the Wind\""""",Alexandra Ripley,1992,Warner Books,http://images.amazon.com/images/P/0446363251.01.LZZZZZZZ.jpg
671525743,Night Whispers,Judith McNaught,1999,Pocket,http://images.amazon.com/images/P/0671525743.01.LZZZZZZZ.jpg
553278029,A Great Deliverance,Elizabeth George,1989,Bantam Books,http://images.amazon.com/images/P/0553278029.01.LZZZZZZZ.jpg
553265741,Sacred Sins,Nora Roberts,1990,Bantam Books,http://images.amazon.com/images/P/0553265741.01.LZZZZZZZ.jpg
446356832,The Sands of Time,Sidney Sheldon,1989,Warner Books,http://images.amazon.com/images/P/0446356832.01.LZZZZZZZ.jpg
553583441,Touching Evil,Kay Hooper,2001,Bantam Books,http://images.amazon.com/images/P/0553583441.01.LZZZZZZZ.jpg
786817070,"Artemis Fowl (Artemis Fowl, Book 1)",Eoin Colfer,2002,Miramax Kids,http://images.amazon.com/images/P/0786817070.01.LZZZZZZZ.jpg
345447867,The Apprentice,Tess Gerritsen,2003,Ballantine Books,http://images.amazon.com/images/P/0345447867.01.LZZZZZZZ.jpg
440213290,The Copper Beech,Maeve Binchy,1993,Dell,http://images.amazon.com/images/P/0440213290.01.LZZZZZZZ.jpg
515136379,Key of Knowledge (Key Trilogy (Paperback)),Nora Roberts,2003,Jove Books,http://images.amazon.com/images/P/0515136379.01.LZZZZZZZ.jpg
515136530,"Key of Valor (Roberts, Nora. Key Trilogy, 3.)",Nora Roberts,2003,Jove Pubns,http://images.amazon.com/images/P/0515136530.01.LZZZZZZZ.jpg
051513628X,Key of Light (Key Trilogy (Paperback)),Nora Roberts,2003,Jove Books,http://images.amazon.com/images/P/051513628X.01.LZZZZZZZ.jpg
671693816,Wifey,Judy Blume,1989,Pocket,http://images.amazon.com/images/P/0671693816.01.LZZZZZZZ.jpg
553287737,The Bourne Ultimatum,Robert Ludlum,1991,Bantam Books,http://images.amazon.com/images/P/0553287737.01.LZZZZZZZ.jpg
440498058,A Wrinkle In Time,MADELEINE L'ENGLE,1998,Yearling,http://images.amazon.com/images/P/0440498058.01.LZZZZZZZ.jpg
60096195,The Boy Next Door,Meggin Cabot,2002,Avon Trade,http://images.amazon.com/images/P/0060096195.01.LZZZZZZZ.jpg
440124344,Family Album,Danielle Steel,1989,Dell,http://images.amazon.com/images/P/0440124344.01.LZZZZZZZ.jpg
373483503,Macgregor Brides (Macgregors),Nora Roberts,1997,Silhouette,http://images.amazon.com/images/P/0373483503.01.LZZZZZZZ.jpg
515122734,Sanctuary,Nora Roberts,2004,Jove Books,http://images.amazon.com/images/P/0515122734.01.LZZZZZZZ.jpg
440209412,Message from Nam,Danielle Steel,1991,Dell,http://images.amazon.com/images/P/0440209412.01.LZZZZZZZ.jpg
425176487,The Pull of the Moon,Elizabeth Berg,2000,Berkley Publishing Group,http://images.amazon.com/images/P/0425176487.01.LZZZZZZZ.jpg
425189031,Portrait in Death,Nora Roberts,2003,Berkley Publishing Group,http://images.amazon.com/images/P/0425189031.01.LZZZZZZZ.jpg
679744398,"All the Pretty Horses (The Border Trilogy, Vol 1)",CORMAC MCCARTHY,1993,Vintage,http://images.amazon.com/images/P/0679744398.01.LZZZZZZZ.jpg
451196856,The Most Wanted,Jacquelyn Mitchard,1999,Signet Book,http://images.amazon.com/images/P/0451196856.01.LZZZZZZZ.jpg
679429883,Eyes of a Child,Richard North Patterson,1994,Random House Inc,http://images.amazon.com/images/P/0679429883.01.LZZZZZZZ.jpg
446667900,A Darkness More Than Night,Michael Connelly,2002,Warner Vision,http://images.amazon.com/images/P/0446667900.01.LZZZZZZZ.jpg
446604232,Exclusive,Sandra Brown,1997,Warner Books,http://images.amazon.com/images/P/0446604232.01.LZZZZZZZ.jpg
312198493,Crazy for You,Jennifer Crusie,1999,St Martins Pr,http://images.amazon.com/images/P/0312198493.01.LZZZZZZZ.jpg
067164257X,GARDEN OF SHADOWS (Dollanger Saga (Paperback)),Ariel Jennifer Jones,1987,Pocket,http://images.amazon.com/images/P/067164257X.01.LZZZZZZZ.jpg
440224594,The Return Journey,MAEVE BINCHY,1999,Dell,http://images.amazon.com/images/P/0440224594.01.LZZZZZZZ.jpg
515126772,Jewels of the Sun (Irish Trilogy),Nora Roberts,2004,Jove Books,http://images.amazon.com/images/P/0515126772.01.LZZZZZZZ.jpg
385299087,Heartbeat,Danielle Steel,1991,Delacorte Press,http://images.amazon.com/images/P/0385299087.01.LZZZZZZZ.jpg
449219461,H Is for Homicide (Kinsey Millhone Mysteries (Paperback)),Sue Grafton,1993,Fawcett Books,http://images.amazon.com/images/P/0449219461.01.LZZZZZZZ.jpg
425152898,Mind Prey,John Sandford,2004,Berkley Publishing Group,http://images.amazon.com/images/P/0425152898.01.LZZZZZZZ.jpg
316678104,Fortune's Rocks : A Novel,Anita Shreve,2001,Back Bay Books,http://images.amazon.com/images/P/0316678104.01.LZZZZZZZ.jpg
671741195,The Cradle Will Fall,Mary Higgins Clark,1991,Pocket,http://images.amazon.com/images/P/0671741195.01.LZZZZZZZ.jpg
055358264X,Dream Country,Luanne Rice,2002,Bantam Books,http://images.amazon.com/images/P/055358264X.01.LZZZZZZZ.jpg
425158632,Executive Orders (Jack Ryan Novels),Tom Clancy,1997,Berkley Publishing Group,http://images.amazon.com/images/P/0425158632.01.LZZZZZZZ.jpg
425132048,Eyes of Prey,John Sandford,2004,Berkley Publishing Group,http://images.amazon.com/images/P/0425132048.01.LZZZZZZZ.jpg
446606189,Cat &amp; Mouse (Alex Cross Novels),James Patterson,1998,Warner Books,http://images.amazon.com/images/P/0446606189.01.LZZZZZZZ.jpg
446602620,Blood Work,Michael Connelly,1998,Warner Books,http://images.amazon.com/images/P/0446602620.01.LZZZZZZZ.jpg
425174271,Certain Prey,John Sandford,2000,Berkley Publishing Group,http://images.amazon.com/images/P/0425174271.01.LZZZZZZZ.jpg
039914613X,Easy Prey,John Sandford,2000,Putnam Publishing Group,http://images.amazon.com/images/P/039914613X.01.LZZZZZZZ.jpg
425189864,Mortal Prey,John Sandford,2003,Berkley Publishing Group,http://images.amazon.com/images/P/0425189864.01.LZZZZZZZ.jpg
425109720,Patriot Games (Jack Ryan Novels),Tom Clancy,1992,Berkley Publishing Group,http://images.amazon.com/images/P/0425109720.01.LZZZZZZZ.jpg
440203856,Zoya,Danielle Steel,1989,Dell,http://images.amazon.com/images/P/0440203856.01.LZZZZZZZ.jpg
515124214,Inner Harbor (Quinn Brothers (Paperback)),Nora Roberts,2001,Jove Books,http://images.amazon.com/images/P/0515124214.01.LZZZZZZZ.jpg
684832291,My Gal Sunday,Mary Higgins Clark,1996,Simon &amp; Schuster,http://images.amazon.com/images/P/0684832291.01.LZZZZZZZ.jpg
399141200,That Camden Summer,Lavyrle Spencer,1996,Putnam Pub Group,http://images.amazon.com/images/P/0399141200.01.LZZZZZZZ.jpg
440213991,Guardian Angel,Sara Paretsky,1996,Dell Publishing Company,http://images.amazon.com/images/P/0440213991.01.LZZZZZZZ.jpg
449223604,M Is for Malice,Sue Grafton,1998,Fawcett Books,http://images.amazon.com/images/P/0449223604.01.LZZZZZZZ.jpg
688084915,Nothing Lasts Forever,Sidney Sheldon,1994,Harpercollins Childrens Books,http://images.amazon.com/images/P/0688084915.01.LZZZZZZZ.jpg
743418131,Deck the Halls (Holiday Classics),Mary Higgins Clark,2002,Pocket,http://images.amazon.com/images/P/0743418131.01.LZZZZZZZ.jpg
3548234100,1984,George Orwell,1994,Ullstein Buchverlage GmbH &amp; Co. KG / Ullstein Tas,http://images.amazon.com/images/P/3548234100.01.LZZZZZZZ.jpg
